Tract_1,CIscore,Shape__Area,Shape__Length
6037920336,10,2438559.77734375,8124.37309127034
6037920044,4,1470811.18359375,5545.2984520509
6037573003,13,652816.796875,3310.74379315995
6037571704,13,699401.10546875,4113.47717495788
6037570403,17,831783.89453125,3887.00039443002
6037553503,15,617211.99609375,3495.39350816652
6037552302,14,1390240.3984375,5528.30345311442
6037503104,10,796205.62890625,4021.42999070724
6037550602,11,2158706.3515625,6127.08586071888
6037550601,17,1708499.08203125,5362.29164280899
6037550202,15,1843022.3203125,6142.42690917715
6037550201,14,828455.55078125,4717.91425624849
6037544002,12,1665108.3203125,5464.32057607047
6037544001,11,3321481.5,7654.75140878416
6037543905,13,3991429.828125,8906.91439379044
6037139504,14,425677.24609375,2990.05294701726
6037139503,13,514346.15234375,2989.99526242312
6037139401,15,1326637.13671875,4692.98114086763
6037137103,16,1116335.28125,4332.17542074195
6037134905,11,3781808.96875,8123.25189424083
6037134522,14,901787.640625,3792.03547803182
6037301206,11,1203668.3515625,4926.23273244888
6037301205,6,1134011.4765625,4711.88173397012
6037300301,7,9058500.7578125,15439.9125249836
6037501002,12,2139466,6116.66808074425
6037501001,10,1286366.70703125,4724.13114729789
6037500404,13,1740164.69140625,5384.53892337067
6037481606,16,1258140.78125,5460.24465727243
6037500403,13,3277205.26171875,10856.5562629977
6037433101,17,2281179.68359375,9439.26287087855
6037911001,9,552099515.46875,130939.781858944
6037910813,6,121867232.449219,61638.2835663466
6037910716,10,3660757.17578125,9140.48085524708
6037910715,12,2922800.51953125,7945.78652792299
6037910714,9,1492273.9921875,4992.65147748746
6037910711,11,5340709.99609375,10802.1966260858
6037910606,10,2013837.19921875,6015.30107565781
6037910605,10,1997102.24609375,5979.56996412365
6037135114,14,1859771.87109375,6704.69473895027
6037135113,12,935384.59375,4813.93194379419
6037134903,11,827371.0625,3859.13657006712
6037134521,15,515814.55078125,3022.73124406513
6037131701,13,966777.390625,3933.23954108166
6037128801,12,723414.5859375,3487.20855118448
6037127712,12,829288.578125,3619.66181579782
6037127606,15,801815.2421875,3595.7619833176
6037127604,17,637977.50390625,3643.24832867028
6037124903,13,453364.71484375,2878.42565082826
6037124204,15,474811.515625,2921.24294446311
6037124203,15,475305.20703125,2922.02275126736
6037124105,16,475396.85546875,2922.88935134452
6037124103,16,474531.46484375,2920.4632820148
6037122121,12,603970.37109375,4426.43764768711
6037121222,17,1969441.07421875,6732.06305085521
6037121221,14,733869.15625,4059.62031779571
6037121101,13,692384.2421875,3956.12474397745
6037120108,11,567606.59765625,3117.8024839736
6037481605,18,1117422.6953125,5146.49904668802
6037124902,15,496804.7890625,2971.10652437294
6037124104,18,475321.41796875,2922.27273104139
6037123902,14,965783.73046875,4296.38325771716
6037121102,12,11064800.7539063,13885.7022336891
6037106645,5,3713201.03515625,11139.4330776178
6037104204,14,3917809.359375,11164.0922568845
6037297602,8,895658.50390625,4510.10899333608
6037297601,6,1005675.484375,8803.96361597381
6037910505,12,2396509.1171875,8608.62947751029
6037910504,12,2347293.3984375,7024.34356639381
6037910002,9,107315848.074219,50346.6614738663
6037901011,9,3941208.3359375,7941.09254352969
6037901010,9,3941494.8828125,7941.30711816339
6037901009,10,3928398.62890625,7936.61267599638
6037900609,10,3941279.19921875,9961.23152685863
6037502802,17,5565089.06640625,13467.9149419971
6037460401,5,7977609.65234375,32965.225329341
6037577504,8,826303.8203125,6083.69392212519
6037120107,13,302052.89453125,2239.80586810123
6037120106,15,301243.48828125,2239.57776511114
6037120104,13,664096.15234375,3751.78158787013
6037120103,12,207132.8125,2079.53843830121
6037119342,12,321387.32421875,2252.70497379813
6037119341,13,480396.40234375,3083.88105408037
6037117408,15,552078.85546875,3045.49474371842
6037117407,16,292015.94921875,2173.78161477158
6037117201,13,1157350.33984375,5056.8567200523
6037117102,7,1523596.4921875,5064.28029646117
6037117101,10,1147160.8828125,4317.78012558315
6037405702,12,1975637.4140625,5995.37413538139
6037405701,11,1520960.22265625,5382.88193849699
6037405302,10,2622537.51171875,8056.40425651571
6037405301,12,1216294.24609375,7077.2831269383
6037576903,16,471160.78125,2912.06511377588
6037576302,18,469380.28125,2909.43905034021
6037576301,19,795860.45703125,3581.3160681489
6037576001,13,4420355.42578125,9050.98201395279
6037408003,11,2058115.109375,6413.2773478602
6037401304,7,16939364.1679688,26314.3830997789
6037401303,6,8635757.65234375,15715.8042319164
6037400501,5,15945669.4765625,21940.092518589
6037400403,7,18889093.3398438,20272.0293651537
6037302506,13,1332315.41015625,5531.94377082812
6037404504,13,987043.5234375,3974.2384565482
6037404202,8,951611.0703125,3902.10692049364
6037404201,10,1360169.91015625,4967.28497761968
6037650901,9,5137690.46484375,10860.5536188574
6037650401,7,5105129.8671875,11816.7565356291
6037650004,8,1114798.73828125,4312.84235325333
6037650003,9,727233.43359375,3515.85311495228
6037621326,6,1273467.25,5139.51480202866
6037621324,5,1112831.0390625,5058.53949323861
6037302505,18,788026.21484375,5858.90681592059
6037433503,16,1157894.62890625,4900.97537939156
6037406702,12,4122743.04296875,8929.54421180022
6037900608,11,1985690.91015625,5975.97931223154
6037900507,11,5856764.9140625,9862.10326117425
6037900506,10,1948128.4453125,5911.16713790417
6037900505,12,1940127.59765625,5893.25493229665
6037900104,10,63053057.875,31799.2155338227
6037621204,9,1465947.70703125,5906.06961460467
6037621104,9,1373338.7890625,4730.149279928
6037621004,6,1275186.3203125,5803.70241055102
6037620904,7,863620.90625,4135.57580152907
6037620305,9,1833773.6171875,6980.61152278719
6037543306,13,6550193.9453125,15404.1788883288
6037542106,16,1327648.3828125,6001.03993189052
6037542105,12,908313.7578125,4423.6488851629
6037900103,8,29346387.5546875,23673.0414425066
6037800506,4,38184990.0078125,35208.9406095746
6037800504,5,31216909.171875,39745.6605104796
6037800410,4,54688016.1171875,45466.199760009
6037800408,4,22579045.5117188,31999.1963882384
6037800406,4,133435602.945313,70464.1021066356
6037800332,4,7030187.03515625,12579.7759590512
6037800330,4,41605284.2578125,44507.8190181114
6037800329,5,33055408.328125,31190.2921211817
6037573601,7,5390719.375,11843.419578479
6037571504,9,2232367.453125,6167.61187296
6037571503,9,1322973.76171875,5546.64517152312
6037570404,13,1251094.109375,5714.34068884838
6037267404,13,415364.4453125,2715.62980898564
6037113237,10,6958790.42578125,13420.2585668471
6037102107,7,18951622.5195313,23457.0896018189
6037102104,10,2434546.6796875,10150.6033993227
6037111205,8,1702495.44921875,5428.84869671927
6037108202,7,8800902.73828125,13430.411896014
6037106649,10,1623789.84375,7647.35798671743
6037106646,6,2165408.33984375,8642.3904923657
6037106406,8,3063600.140625,7896.31802706721
6037104203,12,1039467.53125,4082.24895432569
6037265602,9,486842.7890625,3415.81475597521
6037293306,9,908002.2578125,4241.62113023742
6037276604,11,1217302.828125,5824.16247819601
6037276603,8,664558.234375,3740.31473759177
6037269907,13,405330.82421875,2805.95431427901
6037269906,14,304266.69140625,2746.04101051621
6037267901,11,1628267.390625,5589.44333170465
6037434004,15,993422.65625,4383.81055324196
6037434003,15,1428666.3984375,5928.92558706038
6037433504,20,1339997.046875,5840.46758862911
6037433307,12,615892.24609375,4678.20991872164
6037104108,13,1604275.79296875,6993.08739686666
6037402904,12,2791339.56640625,7646.70985098874
6037402903,16,2334489.890625,6262.97192172449
6037402804,14,1910653.2109375,5940.15230143887
6037402803,11,919960.75,3897.71035863191
6037402706,11,1573469.765625,5112.02095885963
6037402705,9,1263145.1796875,4778.83611662479
6037402405,13,1307247.3671875,5246.94388946974
6037604002,12,944938.40625,3808.01132578468
6037604001,13,964257.6953125,3928.36035823106
6037603802,12,919567.8515625,3858.33293897211
6037433306,12,634151.48828125,4471.11059419482
6037433305,15,741484.89453125,4547.65395854348
6037433304,16,1157722.38671875,4686.84371930699
6037431502,8,2986148.390625,8189.87736768607
6037431501,14,1520553.66015625,5629.76473198265
6037430301,5,35672877.2695313,31391.8328502025
6037430003,4,17457456.3671875,27893.127939514
6037603801,12,969275.53125,3976.82261490776
6037603006,11,999136.2890625,4023.49612125475
6037603005,16,946563.9765625,3891.66574754563
6037602802,11,1949913.58984375,5885.12766326013
6037602801,17,1833197.7578125,5792.43668423159
6037602509,14,2981272.59375,8321.36418012032
6037602508,15,942780.94140625,3883.89237826696
6037602302,11,2837947.43359375,8302.86054247557
6037600304,13,653509.9765625,3552.19618018749
6037800327,6,8290242.61328125,13965.1882243852
6037702102,6,1281242.11328125,4846.42499498802
6037702002,10,1442877.11328125,4877.70174647988
6037701902,15,2369484.3046875,6255.02492177923
6037554406,14,1601405.8203125,5856.44793034322
6037554405,16,1113496.00390625,4316.89098511222
6037554302,16,1034252.46875,4073.95792967508
6037554301,15,973498.20703125,5227.95167164141
6037536104,16,2878022.94140625,9627.90291551286
6037535002,18,701609.09375,3429.93325597798
6037535001,16,656329.56640625,3260.58604104974
6037533806,15,1798443.56640625,10516.3196970218
6037533805,14,629599.6640625,3884.14130277177
6037533001,16,694799.98828125,4068.42854182569
6037102103,8,1743840.57421875,6011.91626681166
6037295103,9,2987115.09765625,9358.50247478107
6037275602,6,3784444.86328125,10380.5163300877
6037275101,10,511146.90234375,3779.84177637519
6037554204,14,951175.5625,4757.3006820673
6037554203,14,999309.37890625,5070.34187779582
6037554105,15,491670.734375,3713.69872221371
6037554104,14,530707.421875,3082.85517226544
6037553504,15,926610.37890625,5066.18367141825
6037241201,13,707992.21484375,3741.34711356871
6037239801,15,538959.84765625,3659.38969767071
6037234901,17,474429.16796875,2922.59168089883
6037214901,13,455349.71484375,2724.39027484263
6037214503,12,342774.84375,2557.07368798106
6037212501,17,116188.31640625,1402.05038776295
6037212102,17,202552.87890625,1806.45242371662
6037212101,18,271476.12890625,2088.52616310768
6037211922,20,135693.1484375,1531.84019379314
6037211804,15,271664.6953125,2089.37916490455
6037211803,17,203803.94140625,1811.38463358342
6037211202,19,261255.3359375,2048.04963893626
6037265201,8,644013.19921875,4367.15136543061
6037234502,14,795187.890625,4287.86341466688
6037234501,9,1098972.33203125,4688.11582809143
6037219901,18,770677.0625,3709.5325229953
6037214902,15,738497.58203125,3599.35093818621
6037214502,12,372536.8125,2899.17114506462
6037212701,14,685277.96875,3933.63320180819
6037211703,15,268862.11328125,2098.69984792612
6037208301,16,136635.07421875,1907.51681944772
6037207502,19,609307.03125,3369.78000808891
6037207301,18,624737.24609375,4486.08622020407
6037207102,19,607124.9296875,3648.6526049228
6037207101,19,431672.69921875,2840.6894598876
6037402304,19,1020276.71484375,5450.48696446061
6037211121,17,312876.06640625,2795.37566676131
6037189201,15,476245.29296875,2928.19016632908
6037185204,12,1413717.64453125,6326.5779451504
6037185203,16,796331.07421875,4371.11423788478
6037208501,19,354972.84375,2416.64035286833
6037207501,17,195316.109375,1800.65548955854
6037207302,17,370391.3828125,3038.10386244171
6037190801,19,473610.765625,2922.99035069995
6037190402,17,231381.04296875,1924.36954056583
6037190401,18,243184.23828125,1972.66317307187
6037190201,19,330652.70703125,2548.92612174
6037189904,16,233012.67578125,1946.67046690357
6037408631,10,2162094.09375,6097.47163136658
6037402303,16,1377752.0078125,5024.6519092642
6037402002,14,2451949.35546875,6532.39494072651
6037402001,15,2127143.90234375,6822.45180928565
6037400404,6,23643553.421875,25907.1135989516
6037400207,4,7944683.5859375,19198.0509970983
6037531504,18,731111.08984375,3950.55203874666
6037531503,19,1703216.203125,5344.33093135611
6037206031,16,6911371.9609375,13644.682678085
6037186301,13,1699130.47265625,6584.90585096066
6037183104,10,987483.83984375,5975.82054430331
6037311801,14,861647.98046875,4395.24124897846
6037980028,0,25293959.03125,30290.6189922098
6037980026,0,20399084.421875,37900.6318132166
6037408505,9,2904694.3046875,8139.27115888494
6037408504,10,2070536.83984375,6848.10350270951
6037406701,9,1370737.85546875,5012.832183188
6037408141,10,1638360.28515625,6318.80017837192
6037408140,13,1338012,4955.41177240473
6037408005,8,5383485.6796875,9771.91784177884
6037407802,8,4571506.04296875,11502.4820785105
6037183103,15,950863.6640625,7251.41764892425
6037127805,12,900419.265625,4865.35430942695
6037127605,13,950292.77734375,3899.34294725005
6037125401,18,582637.47265625,3729.11353527463
6037122122,15,1514931.5,5653.30718536817
6037120105,12,804881.05078125,5806.2132811681
6037115103,9,2254153.9375,8235.30772349783
6037113235,7,2108768.01171875,10640.4176287655
6037320202,10,2368206.5,6834.69629944942
6037980025,0,4289682.11328125,11064.4055466191
6037980024,11,12135145.5507813,17052.3863067113
6037980023,0,7650102.55078125,14667.9323679249
6037980022,0,9222918.2265625,14994.4305510837
6037980021,0,10198277.21875,18934.2174637287
6037980020,0,12511177.7226563,22293.3482444131
6037407801,12,1561343.328125,4795.25862848245
6037407602,10,1364560.95703125,4960.03078390958
6037407601,13,1145054.53515625,4308.57354851938
6037407502,10,1498670.80078125,5791.34154519634
6037407501,11,1654494.03515625,6262.82140315842
6037406902,12,1465675.08984375,5802.747612075
6037406901,14,1397171.91796875,5972.78518364144
6037701402,10,1117513.0390625,4671.36810562906
6037320201,13,1350797.3515625,6062.76533659712
6037310602,10,1305450.85546875,5130.83441030162
6037310601,13,1508794.9453125,6919.5260276146
6037310501,14,2883759.8515625,9203.10649861245
6037310202,8,1340987.44140625,5025.07291346945
6037310201,8,1611841.26171875,5142.16540838589
6037302504,16,552273.87109375,4215.55391261946
6037302503,16,480392.59765625,3669.38662225385
6037302401,19,1996010.0078125,6635.42571981577
6037980015,9,7975463.8046875,13043.6286438987
6037430902,13,1716917.125,6248.44214904069
6037430901,13,1710139.5234375,5493.27625652371
6037408724,12,780200.1484375,3724.1845075936
6037408723,9,1171421.33203125,5808.06324302079
6037408630,13,991429.12109375,4648.42504856272
6037408139,11,1148623.5,4807.4735941682
6037408138,10,1295299.515625,5841.61649704132
6037701304,5,2982412.36328125,7818.99978794168
6037700802,10,1004822.51171875,5555.77233600024
6037700801,11,2115142.796875,7392.83768788308
6037700502,13,732913.5625,3977.07658034889
6037700501,10,867675.5,5547.24882106755
6037700101,15,985503.38671875,5009.13713711544
6037670602,5,20680162.234375,34726.2214098058
6037670416,4,5668567.12890625,10802.7561998924
6037302004,15,497058.7109375,2844.55002843463
6037302003,15,345623.03125,2440.63201030841
6037301802,15,698308.66796875,3480.76395404246
6037301801,17,1066274.9375,4105.41799713496
6037503106,13,1342729.03515625,5337.43136512165
6037503105,10,1620438.203125,6176.41319781318
6037503103,9,1581157.0546875,5694.02796942747
6037502801,11,3208479.8125,7303.0529353109
6037502005,10,1546556.19921875,6005.86146076878
6037502004,11,1951185.484375,6459.66401387648
6037408137,9,1203882.9296875,5244.86649834191
6037408136,8,1479142.04296875,6257.22516803758
6037408006,11,4841818.8671875,9268.34033306914
6037408004,13,834709.26171875,4712.23915711506
6037404503,10,962626.00390625,3940.14002686728
6037402406,12,1707456.8203125,5283.16620669907
6037670328,4,5678378.6796875,12817.7079712423
6037670326,4,6277711.39453125,14421.0876168227
6037670324,5,7037934.5625,16947.7840890146
6037651402,9,2651215.55078125,8686.50989369831
6037651401,5,1463764.94140625,5747.76557436868
6037651304,4,2177595.8671875,8274.21315973013
6037552002,17,1028587.14453125,4252.58482275797
6037552001,13,1168381.4296875,4553.60307276682
6037502003,12,937272.3125,3924.38953085828
6037501804,17,771450.75,4101.03783741057
6037501803,18,859771.59765625,4091.81159977986
6037108201,6,4125612.01171875,11190.1433997496
6037104822,14,894447.33984375,5103.55515785615
6037104403,14,1018219.56640625,5932.96214796969
6037278001,10,2355012.5703125,9303.36923366985
6037265202,11,839603.16015625,4244.62345296755
6037264102,6,573875.91796875,3764.77144027227
6037920118,4,4366094.453125,11492.8235413601
6037920114,5,4164685.03515625,13472.4223759086
6037900201,11,349084403.109375,85438.0330575538
6037800203,4,15206340.3359375,20784.4172292206
6037700102,18,715858.6015625,4990.52643959752
6037920337,10,2421242.69140625,8052.0043745911
6037551502,12,1605723.9921875,6756.32493811739
6037551501,11,2132142.23046875,6714.45990213173
6037551402,13,1693222.34765625,5125.29948118613
6037551401,11,1077290.8984375,4310.91247397886
6037551102,17,2453415.80859375,7590.30617902154
6037551101,17,2452622.32421875,8091.69579962092
6037550902,12,1417698.1875,5233.47408231274
6037550901,17,1626105.5625,5570.49257330983
6037262704,7,2675918.70703125,8670.54426847019
6037240401,16,1006775.43359375,4157.89958903386
6037237102,18,669929.51171875,3317.05766122133
6037211704,17,268609.24609375,2114.23099072995
6037211122,18,530483.6328125,3041.40432155906
6037207103,19,473750.078125,3540.06903674792
6037194101,8,3721469.5625,12335.0547843724
6037192001,15,775703.60546875,4272.6783633079
6037190202,18,310271.50390625,2431.63384423812
6037189903,15,123404.3203125,1527.08644484771
6037143604,14,822902.0703125,5064.41455700977
6037141101,11,1114207.67578125,4325.83598669695
6037534803,17,888170.37890625,5201.51107918168
6037533902,17,1114427.47265625,5316.70248372725
6037534802,14,588326.87109375,3216.66627977307
6037534406,13,567600.453125,3424.01124106455
6037534405,16,775838.0078125,3879.85244068896
6037533703,17,1241119.84375,5978.64704220173
6037533403,20,689894.39453125,4561.98444080795
6037533402,18,710958.24609375,3605.85185487739
6037533300,18,506911.22265625,3134.15247128705
6037310100,5,19345868.3671875,21229.2137982947
6037113422,8,2243262.61328125,6700.52731024277
6037503602,7,4798982.06640625,9411.41502352756
6037502302,18,1094293.61328125,5166.77626082265
6037502700,13,10157846.90625,16317.5324794064
6037502402,12,1279387.171875,4726.26598424461
6037543321,10,7090594.13671875,11004.3136956269
6037541500,15,1182883.78125,4746.59634905495
6037550300,12,3688624.2578125,8157.87151756239
6037542401,12,1878610.796875,5783.42051680055
6037543702,10,1901434.71875,5539.24821448288
6037541100,13,1806428.875,5643.996504992
6037405500,11,2706231.578125,7390.46685436755
6037405101,9,1640868.4296875,5437.63699956457
6037206020,16,1272134.609375,4422.26130901353
6037206010,19,2101193.8359375,7741.36372522814
6037207710,17,1600719.37109375,6336.76083759961
6037207400,19,1278454.7265625,5586.28996832799
6037206300,19,902989.328125,4849.41417042137
6037208000,19,1411314.30859375,5245.33547536038
6037208610,19,515161.1796875,3045.19648979658
6037208620,18,476027.72265625,3020.62040798282
6037208710,18,246121.71875,2078.83149952773
6037208902,20,268922.42578125,2084.11314161757
6037602600,14,2832890.94140625,7776.64278959877
6037219800,17,649419.8359375,3586.91972029619
6037219010,13,644662.94140625,3450.94727574018
6037218900,15,1025815.55078125,4233.55607572606
6037220100,13,1431072.07421875,6239.00247064254
6037219700,15,1592255.8828125,6106.81984405207
6037221220,18,962433.13671875,3876.48506496829
6037219020,15,1052937.87890625,4134.47500130149
6037221110,17,342217.578125,2549.05030678509
6037221120,19,463588.3671875,2770.20573123792
6037221302,20,677425.84765625,3746.2552631614
6037221500,17,555690.125,3085.24875280758
6037221900,19,602223.99609375,3908.28515742781
6037221820,15,298388.14453125,2149.66263367514
6037221810,18,443977.0625,2751.66257664662
6037222100,15,696402.1015625,3857.07270372933
6037222200,16,704384.6484375,3873.95541721753
6037222600,16,949346.72265625,3897.60839577196
6037536103,16,1715131.67578125,6001.37982739785
6037533002,17,709473.1640625,3408.41112746325
6037480304,14,634927.46484375,3315.09936801189
6037125501,13,679842.60546875,3402.30577287888
6037125402,15,1014436.828125,4087.73698032403
6037123901,15,1893648.328125,5542.89469981384
6037121802,12,1393304.87890625,5502.65235263211
6037121801,12,712019.625,3897.21687392411
6037119202,10,1422203.5703125,6221.97337211614
6037119201,8,1395618.5078125,4779.19371611137
6037119002,13,2486356.5390625,7951.12997112249
6037119001,9,1575029.27734375,5134.53401496644
6037117202,9,2664781.6796875,6680.14247948068
6037115404,10,1400819.828125,4802.84598605576
6037115403,12,1031488.78125,4101.74721886915
6037900803,10,3937136.9921875,7925.28627454339
6037900805,10,3904036.55078125,7902.76984286818
6037901007,8,7733760.23046875,11711.580641384
6037901101,9,7727843.09375,11842.4221002319
6037900501,11,4623288.2265625,8637.27142264394
6037901004,8,19405355.328125,19688.4714275684
6037901102,9,7570770.375,11667.6773428924
6037920015,4,8652908.19921875,14256.7841908791
6037104401,13,1001355.421875,4588.70410661224
6037104620,10,779495.6796875,4173.36823339489
6037104320,14,1778000.125,5394.18506752319
6037530902,17,759827.6640625,4323.80392735571
6037530801,16,1123538.39453125,5318.66041071254
6037530901,16,651015.16015625,3213.70725720618
6037531000,17,1465564.7421875,5808.37106334537
6037531101,18,1021777.62109375,4532.18746082584
6037531102,18,724196.609375,3621.66166806561
6037531201,16,809649.5625,4098.35771975164
6037531202,16,647914.54296875,3890.06650014448
6037482301,14,1284112.80078125,6395.52943585471
6037481103,14,2049966.3125,6246.5166079985
6037482401,12,1226071.44921875,4595.46921718368
6037482303,15,1429169.6171875,5556.86984031266
6037482522,12,2404684.9453125,7020.41749020473
6037530005,14,3342585.20703125,11228.2416400263
6037403312,12,10276698.921875,14439.2640758067
6037408704,13,1677661.734375,6116.59309417805
6037403324,6,13646749.1523438,17758.9763811115
6037408211,14,11483222.2773438,15853.9718389937
6037403325,7,22892296.7617188,29970.2274532565
6037408212,14,4171880.84375,8325.19669740118
6037408503,8,6843281.125,13716.7413866961
6037407001,11,1604538.19921875,5699.1323224472
6037408302,11,4920838.5078125,11996.2999518795
6037401202,9,4651107.7890625,9518.14095234841
6037403802,10,1908582.7578125,5960.54023315894
6037401603,11,2828549.42578125,6917.604433602
6037403901,10,1847359.8828125,6239.79980308992
6037404901,9,1668751.421875,5367.55423761721
6037405900,11,1929056.26953125,5863.13209293668
6037405002,9,1300769.91796875,4691.81860605941
6037405102,14,1399945.29296875,5818.91449931756
6037183820,18,451469.71875,3839.73424838384
6037185100,14,3335631.4140625,9358.71161177251
6037185202,12,1765869.859375,6361.22602054324
6037185310,16,616916.9609375,4473.70386662918
6037186100,14,1964956.54296875,8055.16165638587
6037183220,15,783373.70703125,4904.65913206556
6037533202,17,479232.00390625,3260.34418201861
6037533502,17,340603.7109375,2375.5682494215
6037533201,19,545107.4921875,3435.05530489843
6037533503,18,254197.49609375,2145.38438604913
6037533702,16,472697.875,2793.48631293635
6037533803,18,1144925.0703125,5664.79362628036
6037534202,17,844345.53515625,4219.15682431904
6037534804,15,544216.80078125,3412.24826927112
6037531602,19,652751.09765625,3757.91694031107
6037533901,16,1113071.97265625,5758.50510651117
6037534001,18,1140824.515625,4945.08523267693
6037502500,18,5576751.36328125,10431.2354060267
6037530400,18,2237462.50390625,6877.79340444918
6037501200,11,2070316.55078125,6396.69028315038
6037501501,7,9121130.28515625,17918.1181834435
6037501400,14,1570497.59765625,5521.21588468897
6037501300,11,2923605.37109375,7852.72367110545
6037500201,5,10522918.4453125,15861.0107604105
6037500202,6,9262721.828125,15198.9818412636
6037501503,12,1172097.30859375,4615.72860438519
6037501504,14,1087361.69921875,4587.73754478112
6037406411,10,1089246.3203125,5303.79358639522
6037406500,11,3003838.79296875,7452.4175724658
6037406412,7,1782260.79296875,5717.66163929186
6037189702,12,2133793.39453125,8441.6188732144
6037406601,8,2875948.69921875,6857.83816184453
6037406402,7,1428803.80859375,5860.23921174481
6037406800,11,2547886.01171875,9094.89395174638
6037400604,10,7073859.44140625,16849.7487730435
6037404501,10,1175789.84765625,5171.44553731085
6037408134,9,1290004.703125,4482.22740688337
6037602900,16,4073523.18359375,10024.6230825519
6037602301,12,2591403.87109375,7088.73688612314
6037603704,16,939466.22265625,3877.07767113564
6037620001,10,1725839.2890625,5407.0566843355
6037600302,13,1185468.8203125,4385.29617384922
6037603703,12,949196.640625,3998.69576787729
6037603900,12,2169935.6640625,7802.54153727687
6037603600,7,1362310.42578125,4817.39381238711
6037106114,12,1487094.625,6355.23585881835
6037222500,14,952975.63671875,3905.02786540893
6037187300,11,1709260.6953125,7141.78283137583
6037222700,17,1199387.79296875,4995.8941630569
6037224010,20,1208390.93359375,5110.45446206422
6037224020,18,1795189.26171875,5602.81470630018
6037224410,18,655493.67578125,3879.11305989359
6037181300,11,2103940.2890625,7886.80348323814
6037224320,20,423155.703125,3109.16923594182
6037187200,16,1396212.9765625,5723.7003476028
6037224310,20,260472.28515625,2487.04129833595
6037115104,8,1490471.8359375,7499.26240255707
6037113102,5,5388101.3984375,9214.52693222001
6037113101,6,3334594.11328125,7833.55938935858
6037111206,7,3848770.1796875,8883.67069681316
6037109604,11,1722965.734375,5296.82641404604
6037109603,9,1465599.70703125,4954.25146669917
6037106648,12,1167471.5703125,5037.68856738405
6037106408,14,335617.5390625,2326.15358302565
6037106407,15,339985.5625,2340.69408946595
6037106405,10,1717776.23828125,5354.69850478333
6037104821,8,779584.50390625,4173.47030270987
6037104704,11,2434680.3984375,6261.6533286065
6037104703,13,1717635.30859375,5666.56703197542
6037104404,11,792029.953125,4037.62056442891
6037104124,8,6576797.09375,14469.0482998132
6037900102,11,653405572.402344,119304.958743674
6037910201,15,21551870.2617188,21360.6049963475
6037910302,9,6136505.43359375,11278.7826945314
6037910402,16,1681459.00390625,5352.83320195973
6037910403,15,1865194.81640625,5943.82347676804
6037910501,15,2216654.40234375,6208.58250263219
6037910601,13,3921570.85546875,9981.66195987314
6037910502,13,2967100.23046875,6961.92722785627
6037910401,9,14482445.0546875,15535.3630339415
6037910603,12,3890110.62109375,7869.8688519411
6037531301,19,1150889.91796875,5609.49008556218
6037531603,16,635917.609375,3222.38087114743
6037531701,15,927019.44921875,4233.16443750341
6037531604,16,538178.4609375,2978.01391647943
6037531800,15,904348.234375,4804.28358518127
6037531702,19,975728.77734375,4473.54193603314
6037531902,16,1032919.44140625,4159.81964992511
6037531901,16,1131067.99609375,4399.06388555042
6037106643,4,6358711.1953125,12071.1620925089
6037482600,11,4145861.27734375,9047.97245892784
6037134306,13,909181.93359375,3815.194187141
6037482800,13,4625087.41796875,11230.0413607352
6037431001,8,2575990.94921875,8421.88938173382
6037460100,5,8313861.625,16402.9769031879
6037432401,14,1528548.08984375,6810.53415122622
6037408629,10,2558458.41796875,7262.27085669688
6037404703,16,1916886.46484375,8673.88012442904
6037121900,13,2468412.296875,7415.59315001009
6037122410,17,1034868.9296875,4102.83121698365
6037123010,15,1487312.33203125,5031.35291314136
6037122420,15,1264083.22265625,4572.55262543019
6037123020,13,828087.0234375,3641.13794230324
6037123205,16,1110404.60546875,4256.15365111768
6037123203,16,858881.9296875,4708.22249095132
6037123204,14,475032.453125,2926.71133306731
6037123520,10,749335.13671875,4604.00900167111
6037123304,16,1287008.3515625,4954.5257038954
6037123303,13,928560.6015625,4813.17575345421
6037123410,16,725392.74609375,3504.10839016283
6037123301,14,1920161.2734375,6529.17366791782
6037900300,10,87470092.1132813,46389.0470782169
6037301300,7,1703575.14453125,7279.12987343094
6037301203,10,795784.73046875,3874.03527822846
6037700400,11,1919985.703125,7834.20484115626
6037127220,16,954920.4296875,3909.09372474999
6037702400,11,2928409.76171875,8872.79567681868
6037702801,12,1743258.45703125,5510.91111972259
6037186401,18,1408425.41796875,6585.0759013992
6037187102,16,3185259.421875,14141.1990434224
6037189300,8,2787694.046875,9468.55563776705
6037123420,14,1153855.234375,5438.59701974527
6037189902,17,533398.74609375,3161.47579784089
6037190301,18,592211.55859375,4441.85542508518
6037190520,19,356248.26171875,2435.70435952712
6037199700,20,1411980.3046875,5101.24878570034
6037190902,18,711898.33984375,3412.67129926678
6037191110,18,398984.41015625,2764.17201829393
6037191201,18,836720.234375,3667.1953881921
6037191204,17,294361.8828125,2181.80276107947
6037535804,16,715064.8828125,3554.99564625101
6037535803,16,616384.55859375,3169.63934147636
6037535502,15,682846.44921875,3339.19936130579
6037535701,13,1119629.1796875,4592.77061078393
6037535603,16,1147161.6875,5620.60026696126
6037535501,18,722850.08203125,4423.47318034412
6037535503,18,464931.0078125,2821.03861609634
6037535604,14,645404.97265625,3581.62911363076
6037535606,14,271977.76953125,2759.54440933239
6037535902,10,1477440.9375,4967.52349158615
6037535702,18,1422758.578125,4972.76439459885
6037535901,15,1225846.1875,4855.15560293284
6037551800,14,3229838.13671875,8625.06197498072
6037501700,11,2034978.83984375,6283.28430021038
6037190100,16,879196.796875,4056.27867499355
6037407200,13,2127709.65625,7775.31013705544
6037407701,15,1650547.19140625,5689.27269441429
6037407702,13,2908021.390625,8579.15649118892
6037402101,14,1743370.2109375,6499.23645241853
6037408135,8,1650289.77734375,6408.05162373471
6037408133,9,1532667.56640625,6770.50028185311
6037408202,12,15316431.2226563,24568.6336896599
6037407002,15,4447914.65234375,9089.68449583561
6037407102,12,1347686.91796875,5352.48029308176
6037407302,9,1175021.80078125,4508.74149440781
6037408301,14,3053575.62109375,8290.33973451574
6037407301,10,1441785.81640625,5619.60615558057
6037604100,11,1480951.3359375,5117.36652799665
6037601502,13,716980.6796875,4224.5172782371
6037603101,13,1286066.484375,4641.20041403997
6037603102,16,1084004.84375,4180.75591073011
6037603200,13,1647356.2421875,8054.46731083119
6037603301,15,1418165.41015625,5200.39685851275
6037603302,15,1657260.64453125,5606.57743486313
6037603702,8,3802287.40625,8056.37989640233
6037224420,20,524261.53125,3301.19413207592
6037224600,16,1053895.19140625,4122.97328200958
6037224700,15,925982.30859375,3980.0069172375
6037226410,17,409884.54296875,2611.69680692928
6037226420,17,623118.32421875,3232.35035420415
6037226700,18,1141569.10546875,4458.39832900589
6037227010,18,847927.1796875,4353.66196092679
6037650102,9,1236521.7265625,4933.6073361587
6037650200,10,3520394.05078125,11058.9928235498
6037650602,12,1808412.1953125,6841.83865407227
6037650502,6,1942045.64453125,5740.43653579248
6037650501,8,1451861.6640625,4999.17508933439
6037297202,12,834624.26953125,3663.84961701668
6037297201,9,585333.66015625,3036.07944028096
6037296902,10,712723.90234375,4393.58376843243
6037296901,12,894980.23046875,4162.41567237291
6037296402,7,1516911.0859375,6245.47612448423
6037296401,6,1428463.6875,5162.10244409518
6037294701,17,2535169.53515625,7259.27111513193
6037294421,14,967132.2734375,6038.40662241482
6037294302,15,1231240.02734375,5373.28700673537
6037102105,13,717766.39453125,3668.64599306472
6037101122,4,3891710.94140625,11660.8504287859
6037201602,16,1555864.48046875,6970.35341842213
6037201601,15,792364.99609375,4090.25859873427
6037195903,17,347785.94921875,2483.91822932504
6037195902,15,505933.5546875,3023.07778551591
6037195901,17,426760.33984375,3014.19140302418
6037195804,17,490396.5,2840.81947898397
6037195803,15,552602.46875,3321.02053834448
6037195202,11,1280400.9609375,5348.14464576549
6037195201,10,878832.09375,5070.89396151368
6037910404,10,3801090.18359375,7666.25850009724
6037910602,12,2932070.20703125,7883.94112319748
6037910706,9,31194197.390625,27488.3671695497
6037910707,11,9888803.11328125,12982.541090583
6037269000,9,3331758.21484375,10937.8526381248
6037269500,6,2034606.6875,6532.4025728719
6037269300,7,3225658.15625,7474.19766455903
6037269700,11,1317454.09765625,5434.9592055268
6037269800,10,677870.60546875,4426.5560599257
6037270100,14,836532.15625,4883.75778725822
6037480802,15,2512052.08984375,7005.84656053653
6037480901,17,1393506.953125,4789.43137060008
6037531302,19,1289193.03515625,5821.81998256184
6037481001,15,1534194.46484375,5856.29242234063
6037481002,13,1362191.88671875,5158.01468649625
6037481102,15,900880.671875,4266.36195511346
6037480803,12,1595550.7578125,5251.28039603934
6037481902,18,1299493.23046875,6518.68740903554
6037430502,5,4319152.5,9210.41942053008
6037432300,13,2905091.0859375,7431.94646882317
6037432500,11,4118704.2890625,9421.31632242208
6037432602,11,1559827.87109375,5433.59679289248
6037432700,16,2727215.0546875,8311.44829210129
6037432801,18,1157820.84765625,4931.4079485238
6037432902,13,1584001.44921875,5437.56370388331
6037123510,12,1175306.26953125,4518.08327940711
6037123602,11,1359563.42578125,5238.33006868686
6037123700,9,1395203.109375,4836.78720636189
6037123800,10,1893146.765625,6438.30451264387
6037123601,9,2244907.2578125,6756.73304884156
6037124300,13,1304731.4296875,4631.86880686708
6037124500,8,1184167.12109375,5184.34441399757
6037127300,16,1565540.6875,5561.02822054644
6037127400,16,3188389.40625,9268.49967155849
6037127920,10,950563.89453125,3899.89105227735
6037127910,14,952535.70703125,3903.93137872046
6037128210,16,805608.1015625,3601.65910943474
6037128400,12,2524473.25390625,8320.86282131732
6037134104,10,949686.7421875,3898.09487111365
6037131400,11,1622923.015625,5283.4119460468
6037131800,15,1924059.92578125,5867.4187224529
6037132300,15,1878025.90234375,5819.83372671923
6037702802,10,880876.5,5674.67539906886
6037702502,9,2637993.0390625,9550.06048475903
6037702700,8,1964191.3671875,6488.55973695822
6037702803,11,1232194,10072.7626862724
6037127210,16,2255725.54296875,7254.12761622283
6037181000,12,6059732.8984375,13889.9960221469
6037191620,19,332596.3359375,2587.06297866963
6037191720,19,386370.32421875,2558.92549656112
6037191420,19,332087.39453125,2435.66549872258
6037191500,18,938018.55078125,3806.00514172414
6037191810,19,590586.50390625,3399.62598218061
6037191410,20,455276.6953125,2739.99456819063
6037191820,16,592181.9453125,3401.55305188578
6037191610,17,614104.6796875,3467.22706778894
6037192300,10,1282902.25390625,4599.75925196229
6037194200,6,3804787.88671875,10726.9911690167
6037201120,15,1156026.67578125,5093.24298675847
6037201504,11,539474.22265625,3537.77433932234
6037104103,9,1384809.7109375,4881.80448864715
6037262301,5,19094202.8007813,27189.7840707837
6037400304,9,4596291.53515625,12350.8068084993
6037920326,7,100383705.5625,57089.9772462242
6037108104,5,1213110.1875,5439.09456260605
6037460800,6,9870396.828125,15558.7414657613
6037535802,13,1159145.734375,4583.710557482
6037482521,11,2256704.046875,6936.46587537119
6037540101,12,1835046.9609375,6393.72432607633
6037536102,16,4445957.31640625,10188.2153328715
6037536000,18,1904808.53515625,5937.93309571372
6037124201,11,1424805.9375,4875.67540032912
6037535605,20,684279.03515625,3319.88669054384
6037403305,10,2151446.765625,5968.8578114255
6037402102,12,3351884.93359375,7675.41121107332
6037402200,11,8255984.9921875,15099.1345370341
6037402301,16,1957449.09375,6181.710816171
6037403721,11,2764597.39453125,7580.73576017817
6037402702,18,2189128.37890625,6775.64792391865
6037403200,14,3528654.09765625,8580.22909322348
6037402703,11,1573257.171875,6940.29552271766
6037402600,14,3333864.83203125,8342.40681003384
6037402501,16,1484751.51953125,5891.10815573478
6037407101,10,1652177.0703125,5610.45090431009
6037189701,7,6361545.1953125,14285.1486079584
6037189600,14,1584699.71875,7370.95170684568
6037189500,14,866626.8515625,4740.47385712588
6037701202,6,595045.78125,3365.93013449399
6037700902,11,1389163.8671875,4760.25637301141
6037311600,10,4117997.0546875,9152.23936363779
6037700901,9,1546612.26171875,6968.9603666699
6037189400,8,2115438.67578125,10477.5370532197
6037702501,8,1968746.078125,5906.36932557818
6037106112,6,4740837.40625,18363.7527701095
6037555212,15,1011477.17578125,4321.07296685328
6037555103,9,1430037.33984375,4904.52534939022
6037555102,13,2151801.42578125,6114.21095516168
6037541400,13,1388501.58203125,5677.49955203349
6037555001,12,1873369.55859375,6401.18404031841
6037570100,13,1680936.8125,5399.7118816172
6037570002,6,1129437.4765625,4268.88999156739
6037650603,6,1854475.7578125,5924.38192277768
6037650702,5,2031561.05078125,6041.54418185725
6037650800,7,1876636.23046875,5775.63045658948
6037650701,6,2916660.99609375,6853.42314480453
6037670001,9,1357834.73828125,6078.56067053265
6037651221,9,1012349.6171875,4177.05979620974
6037650902,8,2879217.921875,7529.47951242678
6037651201,4,2539057.05078125,6354.08313698471
6037294301,10,1036021.7890625,4285.29755872482
6037293307,14,493484.046875,3361.72073020617
6037278102,6,2634987.87890625,10291.050889593
6037980009,0,31122954.0898438,29728.4758204498
6037980008,15,4943911.2734375,12477.2603875765
6037980007,0,3918352,8834.14486527656
6037980006,0,4895517.5546875,14092.3378133463
6037980005,0,5892385.87109375,11617.3184129005
6037194402,11,861027.5859375,5307.32397521802
6037194401,14,677766.765625,3585.28799942421
6037194102,6,5121609.87890625,13887.0519708788
6037192002,9,1253585.1171875,4711.68022025249
6037191902,14,1061426.22265625,4258.44200666131
6037191901,15,1128282.37890625,4366.35692432717
6037191302,18,617805.734375,3447.75619277987
6037191301,18,396886.2265625,3142.17790091137
6037190802,18,711561.390625,3409.91679171875
6037189905,14,377762.84375,2572.06096525815
6037189202,9,1508040.98828125,6366.08243729328
6037189102,11,914190.69140625,4421.12407637829
6037189101,14,577913.40625,3043.45175543129
6037188202,7,1108671.78515625,4325.83091679088
6037270200,14,1107080.9453125,5265.71330963143
6037270300,13,1430728.01171875,5022.93733425607
6037271100,10,1171571.265625,5200.88784143312
6037141500,6,4878625.609375,11636.7925206425
6037271400,8,1672856.015625,5335.00086596383
6037271600,10,1307153.546875,4615.68192377218
6037271500,8,1326816.5625,4802.25988709727
6037271300,11,2131409.30078125,7101.30372330355
6037271200,12,773260.65625,5017.75555131407
6037271701,9,1459224.4453125,5080.95387176557
6037271801,11,705820.3984375,3544.8179851049
6037271702,11,1030814.81640625,4911.47107004353
6037464200,8,5135363.96484375,10432.4695817409
6037139502,8,1528670.67578125,6246.95428464414
6037530204,16,974406.125,4270.11084818706
6037530004,12,1904508.23046875,9509.20489915295
6037530202,15,2628191.18359375,7769.45123338538
6037530203,15,1080361.484375,5288.23265249279
6037432601,13,2065483.8203125,6377.00457779818
6037431300,9,1196515.05078125,5281.03374207936
6037432802,19,865323.01171875,4333.50638059787
6037433401,17,739405.22265625,3738.30101801863
6037433901,17,1053925.87890625,4140.72407873122
6037134303,9,2300018.1953125,6307.24409731382
6037433602,18,1409990.87109375,5983.26158372544
6037434001,18,1610191.9609375,6049.68480747339
6037433403,18,1032995.6484375,4390.36861083195
6037133000,10,1470810.078125,5224.88817295126
6037132700,13,1932131.34375,5783.85767747461
6037131900,6,1932178.79296875,5875.75934550972
6037133100,14,2221758.93359375,6248.79090941092
6037134101,8,1562298.95703125,5157.20812316661
6037134103,8,1535946.109375,6423.86402143085
6037131300,8,1639007.94921875,5316.33878493421
6037134201,11,2153558.71875,6068.61106173656
6037131100,9,1614707.5234375,5234.00707198565
6037131010,11,1559425.07421875,5378.92200784011
6037134304,11,1496048.35546875,5011.35192310743
6037134302,6,1922506.2890625,5631.92249546185
6037134305,14,523509.8125,2986.48306409362
6037134422,6,3446871.65234375,9438.49018883239
6037703002,10,4740245.8359375,10298.0564568724
6037231300,14,959626.88671875,3918.56206454393
6037228710,17,591194.703125,3410.85958854846
6037228720,17,590194.62890625,3406.42599730585
6037229100,19,692684.84375,3366.81099163459
6037229300,16,733563.65234375,3512.77800412924
6037229410,18,791095.58203125,3572.23419999583
6037229420,18,852653.80078125,3698.98550193854
6037231800,19,759395.01953125,3510.57478582559
6037231100,19,1295255.9765625,4753.33566743567
6037231900,18,823674.078125,3714.65473609404
6037231210,16,468851.78515625,2918.07501894494
6037231720,19,683778.515625,3358.52169975843
6037232400,13,1623787.58984375,5119.12535193139
6037232300,14,916914.703125,4247.32104220051
6037232200,14,762649.2421875,3996.85545448721
6037232110,18,553054.76953125,3237.75497429721
6037125320,18,929399.66796875,4839.45694742844
6037277200,13,1518655.73046875,5572.41165466982
6037291110,14,1031836.69140625,4249.01702155757
6037703001,7,6921222.75,15726.0032752948
6037231600,17,1392304.0234375,4819.06999429165
6037291120,15,1017616.625,4037.67957024423
6037125310,16,1542260.19140625,7088.23717842028
6037291130,15,1884350.08203125,5823.48623369511
6037124600,8,1636980.77734375,5273.45877292372
6037540400,19,491705.7265625,3044.13153488439
6037535607,15,1370845.640625,5312.68646053388
6037124000,9,1972070.26953125,6153.12318968068
6037532700,16,1128259.05078125,5013.62580754481
6037540502,17,871562.9296875,4084.2418847271
6037540202,16,1102708.45703125,4606.82817898635
6037540501,17,2116086.34765625,6995.34392615653
6037540201,16,381343.59765625,3801.91332189762
6037532400,16,18861501.75,25356.5349066935
6037402801,18,2626762.4296875,8079.55248810191
6037402502,13,2149142.34765625,6662.12600959572
6037402402,12,7811908.328125,16087.6980950795
6037402403,14,2967141.8828125,11737.5528374281
6037402902,13,2680488.43359375,7634.02953078249
6037402404,11,6132975.75,13662.8851554897
6037403303,11,6502222.5,12798.100466637
6037403000,13,3533258.56640625,9523.68983558464
6037192420,16,474981.86328125,2926.16852516572
6037192410,14,999135.97265625,3999.12467680465
6037192510,17,501789.66796875,2980.5150196283
6037192520,18,445820.4375,2866.20038047006
6037192610,18,606450.39453125,3370.02519645085
6037195400,15,1505674.81640625,6248.84700979947
6037192700,18,776715.90234375,3542.68562796135
6037194300,7,3617596.87890625,12768.8043752107
6037192620,20,355844.78125,2675.49966681801
6037195600,14,764518.7890625,4108.77535395151
6037195100,10,2771466.1015625,7982.06897846239
6037570001,9,2229026.00390625,6395.95677319182
6037570902,6,1536213.375,5208.05990569182
6037570702,10,983355.9140625,4056.15454084924
6037570701,11,2574781.453125,7720.26256889802
6037571101,6,1921084.18359375,5837.65569338478
6037571300,6,3030139.0859375,6990.32581545423
6037570003,8,1664007.828125,5225.48578883336
6037571102,5,1828832.52734375,5739.40073623677
6037555211,13,1157974.8203125,4338.90708830963
6037570202,15,2426978.08984375,6972.31980617256
6037503802,7,1921002.16796875,5745.97310981834
6037503801,7,1889843.06640625,6763.21162884918
6037503902,9,7692190.953125,12945.9477416289
6037504002,10,2247458.86328125,6561.91253828787
6037503901,11,1325941.36328125,5950.91238932437
6037480102,12,1805640.578125,5464.77445718307
6037504101,14,1774034.58984375,5828.38761038185
6037980004,0,66890799.5390625,34513.1215457847
6037980003,0,287070344.042969,101365.729871749
6037980002,0,10123433.9257813,13894.9227406251
6037980001,0,3393107.1015625,8386.82861426348
6037930301,5,1517412111.89844,230404.164041504
6037920338,4,5470776.41796875,12538.0562054561
6037920119,4,7460108.93359375,12612.6865914599
6037920116,4,10948731.890625,16269.3851128911
6037920045,4,2757173.21875,7360.74886492464
6037910713,9,2953620.8359375,7460.06355078173
6037910712,11,3066361.56640625,7131.95212782746
6037188201,10,1130668.65625,6267.11184107008
6037187101,15,1155526.4453125,4756.81656646534
6037186404,16,588541.49609375,3268.9093537225
6037186403,17,793843.7265625,4417.91683171056
6037186302,12,2461905.73046875,6577.22412467163
6037186203,12,1232681.671875,5797.4391579454
6037186202,14,600577.5859375,4053.03732596919
6037271802,11,840145.59765625,3714.65235425684
6037272100,8,1749189.078125,5451.1321645611
6037272302,11,740303.3046875,3885.3285130951
6037272301,8,878181.63671875,4683.14219747584
6037139802,5,8880851.359375,17181.5279773533
6037185320,19,869787.8359375,5230.14249793757
6037139801,5,5372142.32421875,10194.0990456198
6037135102,5,2460903.07421875,7029.41684868948
6037139702,4,13750095.7734375,23957.2386747463
6037700300,11,888583.12109375,5206.28721705176
6037113213,11,1901524.3671875,6213.48965914001
6037530301,20,852083.90234375,4094.67825563947
6037530302,17,1240880.8515625,4925.046062978
6037532002,19,1218436.1328125,5515.27914958608
6037532101,19,2093299.640625,5776.04317590319
6037138000,5,6550160.98046875,11492.3897463885
6037481714,15,668820.6484375,3808.4875938082
6037481800,15,1200296.37890625,4775.36199154697
6037433200,17,2611624.28515625,8135.76912284328
6037433302,19,1264203.70703125,6253.01277565165
6037433501,20,1733094.890625,5342.19746624602
6037433402,18,833871.29296875,3750.75228890042
6037433700,17,4676429.41796875,9596.11261340654
6037433801,18,2294326.84375,6141.9151704389
6037433601,15,1640554.625,5383.67978477983
6037134710,14,836213.28125,3670.43045904396
6037134520,17,1417381.95703125,4854.53289861492
6037134720,13,1450281.0078125,4906.23323539085
6037134800,8,2733441.93359375,6846.38868762725
6037134901,11,1548283.7734375,5593.64799229101
6037135111,9,1532751.44921875,4995.24881080491
6037135201,5,2243743.8203125,6860.4154434615
6037408628,11,3591652.3515625,9554.82242226773
6037408705,9,2798257.23046875,7012.65063459514
6037408703,7,24878795.2265625,25822.5728038668
6037406602,10,2319674.9296875,6817.89023411831
6037408800,18,2617934.97265625,7414.55717719564
6037232600,18,1157630.3359375,4510.98743006793
6037232500,17,1121579.57421875,4394.19470703617
6037232800,19,624110.8984375,3209.18766970624
6037232700,18,1063962,4232.77826263042
6037234300,16,1262782.22265625,4479.16649424859
6037234700,12,1083480.984375,5452.6202179395
6037234800,12,953727.7265625,3906.51689420024
6037235100,7,1721643.2109375,6677.27981023246
6037234600,10,1895967.78125,6560.31000267872
6037234000,13,1818300.23828125,6470.6249925528
6037235202,16,1240125.4765625,4862.9227708458
6037235201,14,948146.55078125,3916.77694424784
6037703100,9,3885186.63671875,9840.74352196101
6037700600,7,8313715,17293.6555696161
6037703200,10,3069145.44921875,8384.07768451365
6037701502,11,897410.171875,4548.73479005554
6037620002,11,1725233.5625,5815.43772110035
6037533701,18,584788.1484375,3048.217830933
6037191000,18,946601.3515625,4116.2466525286
6037533107,18,503615.06640625,3736.75659397642
6037534302,16,562448.6796875,3591.2616886453
6037532500,18,1485469.078125,7079.04948214761
6037534404,17,597978.29296875,3540.26499954441
6037481201,14,1466295.01171875,5822.95561078954
6037533401,15,689314.7734375,4129.52701266847
6037123206,18,883422.828125,3789.11167685652
6037534201,19,748463.64453125,3774.90283909684
6037534900,17,1531427.89453125,5498.71270317095
6037430801,10,2501781.78125,6560.02965233012
6037430724,13,851161.6015625,4961.39874285861
6037403304,9,5319137.80078125,10372.2298877327
6037403321,11,9776542.7265625,15574.6640848261
6037403318,9,4917478.69921875,11171.8679252353
6037403317,8,5605445.4375,12734.4754825813
6037403320,6,5711880.69921875,10720.7588405174
6037195500,12,1775796.0703125,7332.40670037311
6037195720,17,423559.1015625,3075.18955929041
6037195710,16,706116.83984375,3595.56992275967
6037197410,11,2040538.94921875,6819.85759701904
6037195802,18,584242.06640625,3657.62136137087
6037197300,12,960808.234375,5585.69789578474
6037197200,17,1137092.1171875,5466.55227181172
6037542502,17,1457876.13671875,5217.68745683553
6037543703,12,1505367.859375,4987.68057853207
6037571000,7,2541710.6171875,6527.99039235536
6037570204,18,793256.2109375,3621.27942793412
6037570303,13,895484.890625,4244.98005123589
6037555104,13,1277612.3203125,4627.86461540707
6037570502,15,2901693.609375,7330.35612561722
6037570402,10,2224656.95703125,7742.68757603055
6037570501,9,2154901.96875,6185.67190468305
6037570603,16,1067205.890625,4592.53537317368
6037570301,12,1742877.171875,6947.89917062919
6037570602,14,1515140.83203125,5318.40190445702
6037570304,13,825524.73828125,5060.23758220544
6037504102,0,9416482.2421875,22514.4768210805
6037480002,11,1974172.32421875,7187.9873428924
6037620102,9,1271634.390625,5883.66479853892
6037293301,11,1215626.37890625,5219.10648762396
6037300100,5,6750064.703125,11309.9320248458
6037300501,8,1972741.35546875,7442.51036566344
6037101400,8,9251469.30859375,15715.0913881602
6037910210,7,4699745.6640625,9344.92342706454
6037480303,13,661060.19921875,3300.4171815196
6037463602,14,1354865.1328125,4705.40729620927
6037463601,10,1361219.52734375,4715.65526995296
6037462302,13,1022435.83984375,4146.26078481956
6037462301,12,933128.1953125,3952.18354475216
6037462202,13,832882.80078125,3669.25116964788
6037462201,14,783562.05078125,3570.90274140122
6037462002,10,750169.6015625,3982.60115593347
6037462001,8,750440.84765625,3988.44715404672
6037461902,14,1218965.42578125,4558.84915367148
6037461901,12,1277842.6171875,4943.17706109905
6037461502,10,1716255.85546875,5401.12252252813
6037186201,15,757826.34375,4437.59175935557
6037183702,14,1306097.99609375,6307.94404892033
6037183701,17,804682.6015625,4603.85655176596
6037183402,14,755463.8046875,4125.09058917976
6037183401,12,707464.48046875,3855.09520761143
6037183222,12,1358442.41796875,6201.04128322726
6037183221,9,1034895.98046875,4723.86462729641
6037143603,11,769381.3046875,4962.64971809625
6037701701,8,961380.8359375,4818.82821668919
6037701100,12,3699333.125,10383.7978118968
6037701302,5,664469.40234375,3654.97994187699
6037701601,7,1797047.3359375,6008.04889109275
6037701801,14,2782856.23828125,7093.10400018159
6037701602,9,965326.9765625,4828.21307692859
6037701501,8,898533.71484375,4552.40746381133
6037701702,13,878313.796875,4526.48804892128
6037482001,13,4307021.26953125,9392.97470246375
6037482002,14,3642263.62890625,8341.67428033685
6037482101,15,1685227.01953125,6183.06482248305
6037482201,14,1133609.4140625,4421.24422698116
6037482202,14,945363.375,3889.23949607533
6037482102,10,1600511.0234375,5556.09366445842
6037433802,16,9567549.97265625,16219.1430066979
6037433902,17,1065291.30859375,4460.26656985738
6037128910,12,1954185.05859375,6404.54066155389
6037500500,18,1102743.00390625,5251.4485176989
6037500402,18,1952495.31640625,5654.55359694543
6037128702,9,2430542.82421875,6272.99284598856
6037500600,17,1719038.890625,5415.19574929392
6037541606,17,491191.30859375,2978.45070246697
6037128302,15,1009116.3359375,4585.62769824346
6037602106,14,1191798.03125,4879.97972273796
6037602002,16,782083.5859375,3957.19661436807
6037128303,17,606369.87890625,3602.17145631907
6037603001,15,1646890.55859375,5966.74511313875
6037602404,12,940117.65625,4152.00122557643
6037128220,14,814308.828125,3703.21571139038
6037602403,13,855120.76953125,3699.68204679758
6037600703,9,760433.69921875,4010.50909873829
6037602402,14,1918595.1875,6435.78336832832
6037600602,17,1006460.32421875,3995.16221686848
6037601303,17,641031.70703125,3270.92355753382
6037236000,7,5869113.15234375,11627.8525809863
6037236100,15,1653002.609375,5487.10996733908
6037237300,16,1452501.6015625,4950.66991174253
6037237500,16,489526.5,3034.31865042223
6037237600,19,734305.625,3485.87240012802
6037237720,14,474627.3671875,3206.32476565281
6037237800,12,1415331.078125,4832.3362067719
6037237710,17,628847.5390625,3454.89025394225
6037237900,12,1429873.9375,4879.02369205765
6037239330,19,1427189.85546875,4943.17531430681
6037239310,19,779245.49609375,3563.50489997333
6037239320,19,506013.8203125,3050.66233639564
6037238310,15,582294.6328125,3418.1083093206
6037238100,10,1432764.9296875,4880.55862834843
6037534002,16,1312882.1796875,6185.96036195189
6037533203,17,563341.26171875,3355.03420530777
6037534301,18,1255941.3984375,5265.54747067264
6037532001,20,1969731.578125,6334.37498698151
6037532303,18,11030600.6953125,16907.1094475506
6037534403,15,456733.5859375,3099.89194273675
6037534700,12,809024.0546875,3642.14229520065
6037430701,9,4376285.30859375,10052.151072579
6037431700,7,4632786.11328125,8787.99694686031
6037430802,7,2722234.671875,7232.24860137727
6037431400,9,2606937.22265625,7996.52946474226
6037431800,10,2162035.3828125,5933.36952811609
6037430400,6,5271911.19921875,12948.5646848543
6037430600,7,5439354.453125,13058.8104175572
6037401602,8,2963228.62890625,7040.28782138272
6037400204,5,10995053.046875,14178.9843079665
6037404000,10,1931612.19921875,5909.21544661834
6037401601,13,3781975.0234375,10727.1629632934
6037401701,11,2913905.21484375,6753.06709097187
6037542402,12,2276752.4296875,6949.88078428263
6037543100,13,4205309.2734375,9388.46461303243
6037553300,14,1222067.6484375,5221.41569920048
6037554802,10,2237801.4375,7037.44066822586
6037554900,9,2554225.09765625,9467.62404056631
6037106604,13,3807579.33984375,9713.45616816144
6037553400,13,1062781.125,4320.03196788989
6037554002,13,1851336.77734375,7545.565361715
6037570601,14,1134376.11328125,4534.76742140792
6037570901,7,2640383.1796875,6770.52155034225
6037570800,6,3490970.765625,7529.43970061886
6037571200,7,3805840.56640625,7860.78198948945
6037571400,9,3137675.4609375,11774.7021323701
6037573401,10,1512646.359375,6837.9537625713
6037572500,17,854250.58203125,3907.07648237994
6037571502,11,2001282.04296875,5938.8232698756
6037571600,16,421511.96484375,3554.58688548989
6037208720,19,234850.55859375,2528.20418512014
6037209402,20,199037.08203125,1786.61492638503
6037297300,6,2086060.44140625,7405.7485491999
6037530500,18,1314421.37890625,4689.78259292768
6037297120,13,642488.64453125,3755.8781938847
6037702901,5,5480283.37109375,9552.10014572464
6037701000,9,2075838.7578125,6952.40102267622
6037194500,12,1007005.20703125,5503.55237933954
6037701201,4,2826977.546875,6791.28210587503
6037195300,14,849155.97265625,4076.67402195675
6037620101,9,1972958.4765625,5933.98845026511
6037620201,12,348163.96484375,2685.37423787943
6037275603,11,1503637.30078125,6153.77061391631
6037275500,8,1151178.9609375,4329.12632460554
6037275102,10,899323.40625,4467.59054517073
6037274202,7,1602246.2578125,6442.17666330655
6037273902,6,1320605.92578125,5049.3979789964
6037273502,7,805822.25,3804.46883442897
6037273402,10,790958.79296875,4027.33666475358
6037272202,11,453279.75390625,3233.00207614342
6037272201,10,378411.61328125,2466.06838307088
6037271902,8,1350393.515625,4690.65940466379
6037271901,11,955363.328125,3937.00881614766
6037269905,14,345905.5390625,3035.58982131988
6037269904,11,485692.59765625,3318.75241430969
6037141304,12,1041754.07421875,5210.21347401859
6037141303,11,384046.9375,2604.45456640437
6037141202,10,1022696.04296875,4642.27596839557
6037141201,13,1028049.7578125,4464.11122961774
6037141102,11,1139943.12109375,5645.79334530616
6037139402,7,3576446.00390625,10513.7230407276
6037139001,9,1817776,6532.37219299655
6037137104,9,3757417.109375,8612.90135489092
6037134904,10,1533268.12109375,5778.69027726422
6037702300,8,3805407.23828125,7782.69863778096
6037139600,7,3630772.6875,7649.36783246732
6037702201,9,1754480.76953125,5586.62779525598
6037702202,8,1477168.55859375,5090.54384148954
6037701802,13,1815941.75,5613.91311691691
6037224200,19,543012.40625,3173.0147232029
6037221210,18,520503.50390625,3098.56922415197
6037530700,19,1548592.41796875,6566.77435106931
6037482702,12,1039151.3046875,5128.81395000412
6037137501,6,3681516.80859375,8913.51777055097
6037530102,15,1927020.2578125,5848.20229409504
6037137402,9,4507912.421875,11423.4989580207
6037432201,14,1690082.5625,5719.34900849953
6037481300,12,1309060.40234375,5185.42808874005
6037404600,12,36400166.7109375,48605.3404946007
6037540300,17,2220177.19921875,8063.50763880067
6037540203,18,1312946,4819.06947741054
6037541002,13,4994424.80078125,9494.94475666188
6037104610,13,867424.6640625,4283.7904966345
6037106111,5,5613570.7265625,13031.2841905544
6037111201,8,2796241.30078125,9280.61783077119
6037109800,9,2054429.8984375,6115.91584333659
6037111100,6,1554489.421875,5004.606722298
6037600911,12,996540.3359375,4188.2049855587
6037601202,12,953801.171875,3928.42707677473
6037600802,10,2841813.76953125,7475.60681207053
6037601301,11,900392.48046875,4070.95222521433
6037601001,16,1281707.859375,5236.06678825863
6037601302,14,1780177.86328125,7206.87923138747
6037600704,11,1360081.609375,4749.0019075273
6037600912,11,1583452.2421875,5707.16454304145
6037201401,14,1906617.41796875,5625.22047772455
6037238320,17,686189.0078125,3557.51093957466
6037301100,12,1959457.37890625,6775.93440378665
6037301400,6,2331520.03125,7033.82424232057
6037301502,11,982835.01953125,5566.60881225875
6037301501,7,873037.328125,5165.10421642748
6037301204,15,593873.6796875,3198.45422635639
6037301702,19,1189507.40625,4465.70054858449
6037301701,16,1376114.921875,5709.72339085403
6037301602,14,1483749.578125,5749.32345627272
6037301900,16,1620272.171875,6243.15301295895
6037534501,13,981011.3125,4076.22957614052
6037204920,19,1320877.890625,4708.44841674236
6037206050,20,2539768.8203125,9381.51713278073
6037543601,9,940514.54296875,4000.85158395037
6037532900,16,1116520.0625,4390.44687419478
6037533103,19,505721.265625,2924.52077795396
6037535102,17,862162.05859375,4584.61503829543
6037535200,14,1266910.828125,6588.2603602444
6037535400,16,1398547.10546875,8282.17480831558
6037430501,5,6928619.92578125,12157.1378057679
6037430200,6,7532012.609375,13385.7894266209
6037431600,11,3015494.0703125,8188.21435190843
6037463102,8,3726203.34375,12910.3083822274
6037431900,11,1564721.3671875,5441.3063952459
6037432000,13,3257932.171875,9186.25110592271
6037401312,10,4106626.2890625,8953.79805150456
6037407900,10,2193921.90234375,6452.04845083557
6037403401,9,3325472.8515625,11589.276510839
6037403406,11,1841505.67578125,5827.08725966633
6037403405,6,5108864.46875,12806.1102002056
6037403403,9,5464090.2109375,15495.6697001718
6037189800,13,1064614.66015625,4658.31116103643
6037554201,11,1409753.578125,4847.6081633182
6037554404,17,1226972.97265625,4470.5247343858
6037106603,5,22484752.4179688,22624.9600068558
6037554403,19,1235027.2578125,4484.54990044034
6037554519,8,2532755.50390625,7199.12168907561
6037554511,8,3451629.91015625,7339.15502085402
6037554518,8,2611956.37890625,7810.64080561158
6037554513,7,823642.15234375,3850.0079527047
6037554522,11,3184197.83203125,7641.80263259108
6037208903,18,232650.8671875,2594.57548498816
6037209102,20,443516.7421875,3077.46806322791
6037209300,20,447287.96484375,2919.09435741426
6037208904,19,163850.0703125,1681.21194138446
6037209401,20,315433.37109375,2346.74797030811
6037209200,19,595592.08203125,3220.12631549581
6037209403,20,201840.8125,1798.54039372443
6037209510,20,266075.4765625,2139.58071577571
6037209520,20,339132.15234375,2381.3376841358
6037209810,20,218938.078125,1995.04895633546
6037209820,19,261489.18359375,2095.73462080486
6037210010,20,600200.34765625,3278.73196693985
6037211000,8,3886448.984375,9264.45770178426
6037211410,17,395737.8125,2766.19134060987
6037211320,19,272047.109375,2089.20579509679
6037211310,20,210117.75390625,1840.68521299783
6037211420,16,556745.30859375,3094.36723683053
6037211802,16,475289.6015625,2922.30167398758
6037211701,11,947621.71484375,3876.19649816003
6037211910,19,201546.82421875,1802.02460062703
6037296500,11,1316719.16796875,5082.961526945
6037297110,17,706615.45703125,3362.61639279015
6037297400,5,3257373.1875,7917.50130785494
6037297500,5,3222512.0390625,7480.64542263962
6037300200,6,2768832.109375,7984.33452644528
6037609900,8,774731.9140625,5153.28140527485
6037296220,17,773683.6328125,3516.08204546944
6037670413,4,3164868.3828125,7671.00662037235
6037269903,15,412340.796875,2838.01562017361
6037269602,12,423927.58203125,2698.72212879443
6037269601,15,484849.75390625,2779.62348619362
6037267902,8,1135297.6640625,4736.60395083251
6037910209,7,4334321.78125,10738.7882303146
6037910208,9,4885711.859375,9895.27334281375
6037910207,6,6560164.375,12323.6675969663
6037910101,12,90854955.7539063,51326.4587846869
6037901210,8,34189183.0234375,37078.9495953714
6037901008,10,3984268.6796875,7984.8606991244
6037900508,10,5907637.51953125,9931.31788899573
6037800331,8,2790658.5859375,8605.87278304771
6037134424,4,5438718.80078125,10055.4899939227
6037134423,7,2295921.2265625,6788.95237239069
6037134002,14,1102680.0234375,5030.12199655746
6037134001,14,854139.3984375,4485.73328030517
6037132502,10,918103.96875,4042.9281917499
6037132501,10,1028347.5390625,4061.11564704308
6037132102,10,2007224.25390625,6969.3646990182
6037132101,10,1187612.375,4384.96002061883
6037132002,10,2344562.09375,7765.32792737353
6037132001,7,1416607.51953125,4863.9536819576
6037131702,9,1054336.18359375,4119.18427923769
6037128802,11,1417877.25,4870.28547684155
6037128602,11,1661136.23046875,5362.00456536901
6037530802,13,825075.59375,5328.09818706119
6037530601,14,833116.98046875,4863.02092881977
6037530602,16,962654.23046875,5289.24659810731
6037574500,8,3819931.8359375,9298.90867291061
6037574901,6,1946767.2265625,6228.2089130467
6037577100,9,1762657.41015625,5331.59342864676
6037575002,11,1399430.07421875,5409.47574675508
6037572201,14,2251948.94921875,6680.50036339874
6037481901,16,2667560.12890625,7261.22562149883
6037481401,12,1762326.30859375,6000.86666276989
6037482304,14,911755.92578125,4735.50442691927
6037482402,14,5070799.51953125,13572.1689138265
6037482503,12,1074045.5,4168.40647999618
6037134421,4,3135311.640625,7103.09569392937
6037530101,19,1479622.90625,5165.16659788648
6037294820,15,556525.1796875,3012.53021059008
6037111204,5,4855559.89453125,9560.5354488971
6037113212,8,1462857.70703125,5213.71034862658
6037113234,12,1499384.81640625,6195.91948602901
6037113211,9,10703209.9492188,13936.316499554
6037113232,4,3033838.8046875,8697.62558310183
6037113321,13,1538378.58203125,5041.05759468213
6037113231,5,6081696.30859375,15743.6114304649
6037113301,6,3332203.32421875,8369.64115962381
6037113303,8,5984523.28515625,11442.5754652203
6037113401,8,3595104.82421875,7641.54853603196
6037601401,17,2283300.6796875,6711.68966058065
6037601211,18,845436.38671875,3749.48860822299
6037600201,14,854999.55859375,4202.16337741213
6037601002,15,920405.390625,4115.86509227489
6037600100,13,1102647.89453125,4546.34853676367
6037601212,16,850948.98828125,3713.9836354707
6037600902,16,1163157.58203125,4932.32622646554
6037273100,7,1709983.50390625,5687.77185192326
6037602004,13,859949.24609375,3738.16574851547
6037602003,15,910651.1328125,3800.04358025858
6037602103,14,1213282.63671875,4391.75756575327
6037301000,14,3022358.90234375,7762.49074343301
6037302002,16,736921.12109375,3545.73467042966
6037300902,7,6447380.875,13563.7839739867
6037302103,14,806260.03515625,3524.92182220979
6037302301,16,1026889.57421875,4860.11041001465
6037302201,18,732384.6953125,3931.5611599401
6037302202,15,741597.109375,4034.79217524262
6037311700,9,3452496.265625,7691.09474959951
6037535300,17,1564340.72265625,6167.86715285113
6037534502,14,842566.734375,5090.44077950117
6037188300,14,1350158.90625,4674.02585058533
6037532606,19,404822.109375,2891.85383433544
6037532603,18,956387.97265625,4152.61232673266
6037532604,20,377185.609375,3233.47700502464
6037532605,19,767119.0234375,3818.44882245182
6037534203,19,1122806.99609375,5393.30688003963
6037532800,18,802475.09765625,3693.96338638389
6037533106,15,437975.9296875,2949.30822772678
6037432101,9,1713459.7578125,5308.33485698202
6037432402,16,2197140.87890625,6917.90670743684
6037432102,8,2741953.80078125,6863.77836087036
6037480101,11,1656616.3203125,5332.93614799136
6037480012,8,1874747.9453125,5618.0566575272
6037480201,7,2234454.34375,7053.18652021169
6037481101,13,1293315.94140625,4970.35400791439
6037403402,10,2534148.2421875,6487.03318256785
6037403404,8,3499710.3046875,9258.22965510063
6037403407,5,6908540.51171875,13817.0424511524
6037403703,9,3147819.79296875,8301.91377719246
6037403600,8,7185825.1171875,14025.8178389691
6037404902,8,1020613.109375,4337.57535920379
6037405400,9,1971765.2578125,7517.76990881995
6037554512,8,5581482.81640625,9733.44204522319
6037554517,7,1910549.21484375,5832.84528258144
6037554515,7,1757153.30859375,6006.09588966146
6037500300,7,13108917.1601563,16616.0078529443
6037551300,16,2225331.08203125,6100.80209786106
6037552800,9,1881259.78515625,5826.28748402485
6037552900,11,1900159.8125,5870.6785844052
6037552400,12,1354252.93359375,5766.07630103467
6037211500,12,1327705.875,4822.77296299741
6037212202,19,304008.87109375,2385.53770408979
6037212304,17,301027.50390625,2322.26557409756
6037212303,20,227349.09375,1923.2328359298
6037212204,20,310960.03515625,2264.06825929739
6037212203,20,154809.703125,1659.14073163325
6037212306,19,236464.078125,1958.05228109833
6037212410,15,228943.0390625,2044.88359462913
6037212305,19,159890.78515625,1604.61860880734
6037212610,17,519139.7734375,3081.23632996043
6037213201,20,488890.265625,3018.35441780672
6037212420,18,207438.37890625,1824.51897951396
6037212620,18,422960.390625,2925.35378025106
6037212900,17,546417.09375,3295.31786321713
6037212800,14,1137396.6484375,4320.97085097515
6037213100,16,783080.51953125,3868.29407855998
6037213202,20,493355.83203125,2996.34478896098
6037213402,19,576624.18359375,3057.05696796315
6037213401,20,282336.16015625,2326.84307920257
6037213310,20,455902.8671875,2881.86100550839
6037213320,18,458685.16015625,2892.10226129523
6037460000,6,9907763.61328125,16974.2898078413
6037700200,14,1024196.01953125,5167.39319440541
6037221710,19,480892.73828125,2984.12941928786
6037553000,10,1832418.91015625,5991.90192236819
6037293304,12,826519.1484375,3646.51202781993
6037227020,15,639578.91015625,3374.35887564002
6037228220,17,531408.34375,3349.331194589
6037228310,17,796225.7734375,4141.33949618438
6037228210,19,599752.41015625,3381.83574268093
6037228100,18,1468677.4765625,5624.65084557766
6037228420,19,404644.0546875,2917.97279669605
6037228320,17,492513.046875,3758.21291416707
6037228410,18,407045.59765625,2614.11433043913
6037228500,17,654767.734375,3392.38306705215
6037650605,10,704534.3515625,3377.4181363028
6037650604,11,749955.69140625,3484.08033424584
6037461501,8,1470796.55859375,5047.94453818075
6037267403,13,356547.36328125,2880.07567594896
6037265601,8,908324.97265625,4219.25406155926
6037239802,16,888167.56640625,4135.74152798945
6037239702,16,707500.3515625,3697.53232438335
6037264103,10,340161.5859375,2707.30906111249
6037262802,6,4812891.9140625,13957.6941271072
6037262706,6,3290927.890625,7905.88675186745
6037262604,4,8112231.04296875,19059.2737473506
6037262501,7,2395304.21875,7292.46935713251
6037241202,16,1694704.453125,5159.35395306545
6037128601,14,999211.5859375,5099.28918901603
6037128102,14,950667.49609375,3900.10345997367
6037128101,10,950678.44140625,3900.12664027724
6037127806,14,1000943.4375,4968.58008182759
6037127804,10,935165.6953125,3868.2147876912
6037127803,16,941137.23828125,3880.59686453159
6037127711,11,1383729.51171875,4995.74374695717
6037127603,13,641685.34765625,3592.17085903612
6037127104,11,1040641.5,4157.98455982405
6037127103,16,419185.69921875,2783.25329263346
6037125502,16,766207.2578125,3548.73553073677
6037293302,12,1621274.62109375,5634.21450901169
6037670403,4,2422975.34375,7089.41017777536
6037574100,7,2671512.40234375,7458.87674482084
6037101210,14,951617.8984375,4451.77865774702
6037574400,7,4935549.984375,8970.23210825157
6037576802,10,678814.01953125,3402.02720760219
6037576801,12,748003.6875,3616.35433157557
6037576700,11,1134092.17578125,4364.70977266297
6037576601,12,670598.44140625,3859.84831192518
6037576602,10,1487038.796875,14396.9541065953
6037576501,12,420237.51171875,2677.36414304988
6037576503,11,452737.06640625,2906.46915800716
6037576200,17,1011687.515625,4115.88361840193
6037576401,15,470539.9296875,2909.77165454047
6037576403,16,471689.5390625,2915.41385728704
6037294110,13,1442545.0234375,6159.85042222445
6037294610,14,1188280.02734375,4384.35983118419
6037543604,10,3814159.81640625,8300.02780271718
6037576502,11,445745.38671875,2949.24870919002
6037294620,15,1229365.93359375,4638.84929943131
6037294410,13,1215654.8984375,4621.004983095
6037101110,10,1677572.3515625,5561.2834096174
6037294200,13,1388799.16015625,4733.91920326298
6037543903,13,1976093.5625,7902.85439399125
6037572202,8,2245312.1796875,6594.8466922961
6037543701,7,923715.97265625,4087.35773667185
6037113322,5,2620120.58984375,7416.97969737364
6037113421,12,3229711.58984375,7979.55124304112
6037115201,9,2010218.19921875,6711.94624984574
6037115302,11,1227526.546875,4639.28488152844
6037115202,11,2552513.2421875,6916.84832631377
6037115101,5,5693090.421875,9746.17014658123
6037117301,6,1962628.515625,5975.68860664147
6037117302,8,3006099.6875,9677.44624017028
6037117404,8,2589167,6536.27424915471
6037115401,10,2794118.5546875,7533.95448427768
6037119320,11,723096.75,3448.39400855799
6037117510,15,493523.51953125,3012.70084577526
6037119340,13,179191.1328125,1710.52749280471
6037119310,11,626489.57421875,3707.15173460453
6037119400,11,1644049.328125,5226.65866950306
6037602105,16,925330.62109375,3847.93400789295
6037601600,14,1330171.72265625,4725.00409182463
6037601700,16,1140602.38671875,4665.85229632092
6037601801,15,705001.296875,3875.81570579785
6037601802,16,707581.1953125,3881.08311629193
6037601900,15,1015152.6484375,4058.38985829498
6037602104,18,1047490.7421875,4225.17251759452
6037600801,11,1415922.0078125,4891.98000108261
6037602700,14,3628755.60546875,7991.7676908438
6037601100,16,934378.26171875,3866.64298335723
6037600601,12,939999.01953125,3878.03545987471
6037302104,17,838932.8359375,4531.40489895261
6037300901,5,10180587.3710938,15871.6571956821
6037320100,8,2804322.89453125,7961.11851355747
6037106113,8,2118649.3046875,7280.01196117558
6037311802,15,1210377.55078125,4597.82883356976
6037302102,14,1519083.37890625,6750.06571527811
6037302302,19,925872.53515625,4444.06931623562
6037124400,10,1428067.1640625,4869.66177818694
6037125200,12,1901375.07421875,5853.61377075473
6037124700,9,1998518.34765625,6580.97074059932
6037125100,11,1901242.203125,5854.02202530346
6037127102,14,1254435.65625,4539.17217864538
6037534102,18,1170174.7578125,5437.78899542067
6037533104,17,498447.74609375,2831.04269397275
6037533105,18,278100.62109375,2132.24271121737
6037533601,19,797312.453125,4492.05990720403
6037533602,19,1018978.40234375,5273.63603125931
6037533501,19,614084.30078125,3268.00418324749
6037205120,18,2140862.6875,7381.07463679307
6037533804,15,741107.59765625,4097.6325650834
6037460302,9,1923830.94140625,6522.65810973717
6037800101,4,11848407.8125,20360.2907888682
6037800102,4,77043957.984375,57063.8050169826
6037800202,4,40091238.6367188,32759.5605937541
6037651102,8,1215043.80078125,5141.59404214864
6037401704,15,2650601.4453125,7219.55198285034
6037408722,8,3073117.90234375,7953.79100890011
6037400900,11,2875377.375,7827.27183470772
6037190700,17,939530.5390625,4606.1956829738
6037403801,9,2756945.7265625,7967.77055204454
6037405202,14,1402040.26171875,5025.08072449681
6037404801,12,2032492.41796875,6310.10894879642
6037404903,9,792006.21875,3882.12971267962
6037405201,13,1977669.96875,6567.48658611215
6037405600,10,3104664.1328125,8785.4772744763
6037405203,11,1049177.02734375,5020.16925916112
6037406200,17,2777160.19140625,9719.99127287892
6037501802,10,1128544.10546875,5141.69304550281
6037109400,13,1887624.2734375,6470.62594243054
6037552602,12,1998098.70703125,6086.95228461826
6037552700,11,1999743.73828125,6061.53406577456
6037552601,12,1037507.3828125,4077.96266298066
6037553100,8,3014822.30859375,8352.77438153241
6037554514,10,2190733.24609375,7995.45721495523
6037554516,6,2117192.5859375,7919.05885653784
6037554600,12,1529086.41796875,5340.52665778941
6037554521,13,7189249.6875,14178.3716394655
6037214000,13,1475384.69140625,4920.67622801326
6037214100,13,1620177.3125,5205.72214243134
6037214400,10,503073.47265625,2930.30987324441
6037214700,11,865850.203125,3766.20429312601
6037214800,14,840024.90625,4138.06269457211
6037214600,15,849219.68359375,3724.6221985386
6037216100,13,988464.9140625,4116.19237971837
6037571701,13,2779500.859375,9040.46635727097
6037572100,12,1148273.64453125,4956.5438245574
6037572301,17,1191527.3046875,7073.21730564601
6037572302,10,1092338.7734375,4173.09896440766
6037228600,17,768953.45703125,3527.13182180362
6037229200,15,649135.08203125,3281.27808061561
6037228800,19,1229513.5703125,4550.48299968394
6037228900,20,755558.30078125,3552.4227773238
6037231400,14,906042.06640625,3811.29335158973
6037231220,17,1414253.5859375,4846.54964850645
6037231500,12,1338094.7265625,4709.16417899389
6037231710,18,474533.58203125,2925.86675373886
6037232120,19,768928.71875,3582.91262960103
6037236400,8,1955880.5859375,7118.04940803875
6037236202,13,647327.79296875,3485.06735971319
6037234200,13,1283526.78125,4796.17328875344
6037261200,7,11103600.5625,21776.6185929036
6037262100,5,12826054.4101563,25703.6253509982
6037262400,4,16476003.390625,27497.3837454176
6037262303,5,3812958.42578125,10655.2342921896
6037262302,7,4473563.91015625,11850.4903755465
6037267200,11,1725528.05078125,5450.67614120133
6037241002,15,1033914.203125,4781.65920951898
6037241001,17,1312183.30859375,6658.62963568004
6037240402,16,873982.84375,4089.15162597152
6037602507,15,470916.46875,2907.02082974863
6037602506,15,469334.859375,2900.63953150887
6037602505,17,470382.921875,2911.8348187702
6037602504,16,468377.796875,2909.0673004768
6037600303,12,529663.328125,3356.11065161099
6037101300,5,3781233.109375,10813.1841826272
6037651001,6,2068868.53125,7009.16086437293
6037702600,8,3171732.484375,8868.77858732804
6037670701,5,4333817.08984375,12360.5166980202
6037670002,9,1247660.8984375,4680.20648295285
6037294520,12,702814.76953125,3500.58183778504
6037296600,15,1220661.52734375,4504.14698404036
6037575103,16,695782.671875,3372.06492089772
6037576402,15,470432.5546875,2913.70381455257
6037575902,15,508691.61328125,2875.9811692144
6037575401,20,1288683.65234375,4620.44981188791
6037575901,15,706739.5,3558.38457519995
6037575102,17,587704.20703125,3393.98411771561
6037575803,20,289414.1171875,2538.36767492105
6037297000,5,2099039.53125,6892.62759054527
6037575801,18,629528.76171875,3163.47323305208
6037294830,16,1282299.8515625,5022.28294706308
6037294510,12,747304.8046875,3611.15528933011
6037294900,17,939406.99609375,4997.19056873749
6037296210,16,808236.59375,3517.78184043471
6037294810,14,465157.6640625,2778.73317654274
6037577501,8,1974064.1015625,5672.33575294
6037575201,15,822470.04296875,3876.27833937416
6037575202,17,586822.87890625,3390.94283646497
6037104500,12,779213.03515625,4172.75416535803
6037104810,11,1647893.58984375,5258.69163536323
6037106403,7,1625409.21484375,5282.98078864053
6037107010,10,1001192,4791.05166559266
6037106641,5,1669435.6328125,7028.61402707086
6037107020,11,1458941.94921875,5396.57235814423
6037108101,5,1658013.76171875,5399.06463319286
6037117530,14,819693.04296875,3670.73702170166
6037119800,8,1822146.7421875,5513.88108342041
6037117405,17,297276.8984375,2193.13670128715
6037120010,13,827632.90625,3762.83705525173
6037119900,7,1538000.81640625,5401.55916713468
6037120030,17,523239.83984375,2918.08074206166
6037119700,7,1930663.171875,7502.18557002214
6037121010,12,2979549.58203125,7196.93032186639
6037120300,9,2511168.37890625,6827.03820308714
6037120020,15,808322.046875,5992.4039296071
6037121020,12,1205135.953125,4839.64533746242
6037117520,14,474231.8984375,2862.89119168437
6037121210,13,2976646.1953125,6801.11278423649
6037122120,11,1053595.83984375,4927.90465895857
6037127520,18,535163.6015625,2946.67589327956
6037600202,13,1209175.3125,5357.45626951571
6037600501,13,949908.84375,3898.69868475701
6037600400,13,1428016.80078125,5857.99214740648
6037296300,9,1538453.828125,6244.25506222292
6037600702,11,3578901.7265625,8830.22030696219
6037135202,5,2571274.1640625,6569.98269370532
6037135203,5,6583748.4609375,12301.5295806965
6037137302,5,3581701.5078125,9219.01747397628
6037132900,10,1748103.11328125,6705.65875678807
6037131200,10,1654254.12109375,5347.69790539133
6037131600,8,3217066.45703125,7170.59750579832
6037137301,4,2354305.33203125,7456.12865245214
6037137201,12,2921063.90625,7065.24717068447
6037137504,5,5616799.68359375,12074.2607389766
6037137401,9,3482255.78515625,9748.27310611935
6037460900,8,3587346.203125,9298.74051114891
6037461700,8,3242109.0234375,10243.0723486248
6037462400,9,1922425.828125,5709.34346747281
6037462100,8,1531469.015625,5060.44454230621
6037461600,12,2430543.03515625,6633.63832386307
6037462500,9,3758568.94140625,11482.8834134405
6037463000,9,2635629.16015625,6651.78818230315
6037404803,17,702042.39453125,5198.88634718038
6037404802,14,1538383.90625,5692.04683863267
6037405001,9,2480208.58203125,7067.17572580256
6037405800,8,2762269.82421875,7705.09431902765
6037430002,11,3147021.3125,9799.81196607077
6037407400,10,885874.65234375,3789.94147108177
6037190510,19,466025.25,2938.90451759668
6037403722,11,2636675.72265625,6844.35153771751
6037501900,8,2017451.75,6223.68501292767
6037503301,9,1589467.0625,5298.15179518289
6037502100,17,2812423.71484375,7437.39009119928
6037502200,13,2577351.62109375,6999.14121673015
6037502301,13,2329256.12109375,6429.52623846106
6037503202,12,1654528.61328125,5861.83241286831
6037503401,9,2828770.9765625,7023.14371016554
6037553200,12,2803249.45703125,7501.5536168289
6037554700,11,1166384.6875,5067.77752385246
6037554801,15,1313841.96875,5553.8852092758
6037553701,11,1581781.84375,6797.48259167282
6037553801,15,1893243.4609375,5817.42549480177
6037553502,16,1842735.53125,5673.92821604916
6037553601,13,2962617.2578125,9890.09509500042
6037106520,12,3244207.9296875,7307.72148234652
6037400603,10,12982003.1484375,22979.653902191
6037553901,14,1864518.8203125,5791.54718788163
6037543501,14,3882515.6796875,12740.5886130239
6037555002,13,1328594.3359375,4694.75071506573
6037571900,8,2829113.8671875,8759.49229524525
6037572400,13,811809.46484375,4683.53500406903
6037572002,14,1502405.47265625,5122.25178085466
6037572001,10,2096796.19921875,6169.43914449473
6037573700,7,2639056.03515625,6764.21749207649
6037573800,6,2223644.90234375,6553.29486206627
6037573902,11,991958.00390625,5207.29268896117
6037264301,10,613245.94921875,3202.1743989367
6037265520,11,1121377.94140625,4937.47958941499
6037262601,4,5394072.54296875,12760.233753355
6037265305,8,451802.23046875,3666.94963013385
6037265420,7,1059721.84375,4536.12351555538
6037265303,8,214034.83984375,2113.41901713686
6037265304,10,191995.921875,2157.38022613898
6037265100,7,3454476.71484375,8957.48272267639
6037264000,6,2735822.8125,8452.01895828685
6037265510,12,560354.69140625,3054.377679012
6037980033,0,41509674.9023438,31441.5378959174
6037980031,7,37394200.3789063,30079.8715518347
6037980030,0,6226453.43359375,11043.1434027312
6037980019,6,64559914.59375,56831.4564868462
6037980018,0,10736333.3671875,20351.7619465595
6037239701,17,596295.921875,3487.23094010155
6037239602,16,522685.703125,3408.19035184367
6037239601,17,615684.66796875,3527.47964648185
6037239502,16,746120.1796875,3976.68293452775
6037239501,18,691179.46875,3887.25749407156
6037601501,14,688665.4453125,3869.6462616915
6037670405,4,2187178.69921875,8048.64993778855
6037101220,12,1026835.6875,4673.86960363302
6037670702,4,9852750.2421875,22408.4268261333
6037670500,4,11237195.0976563,17542.768981945
6037651222,6,2212689.48828125,6631.57223851393
6037651302,4,3487459.4453125,11489.6042464426
6037651002,7,1710501.6875,5682.36258545416
6037575402,20,471328.9296875,2914.82176208427
6037113233,12,1674381.34765625,6164.18825257177
6037573002,17,470308.38671875,2912.4035296553
6037577200,10,1438995.18359375,5152.51986183699
6037573402,14,4286358.32421875,12619.2363259054
6037571800,8,4029486.3828125,9520.59227797992
6037575802,20,466246.63671875,2903.47615344892
6037573403,11,2464790.98046875,8844.72248482904
6037575500,0,2005154.6875,6468.66873750068
6037108102,7,3203218.39453125,6958.626360941
6037108103,8,3768773.1015625,13474.8663757856
6037109300,11,1806915.12890625,6451.07727497786
6037109200,9,1742445.68359375,5536.00572605429
6037109500,13,1761087.3125,7581.50316741433
6037111202,6,2743755.953125,7655.2059745955
6037111301,8,2938245.85546875,7888.36970123664
6037111302,9,2271337.4296875,6574.35489931722
6037111400,8,2657314.78125,6697.78943603384
6037109700,9,2335447.61328125,6619.41124784696
6037920332,5,6286052.97265625,13351.9477661901
6037121600,12,1671538.81640625,6036.45071066483
6037541802,16,1592994.40625,5485.00796303808
6037540700,13,1665953.8203125,5956.52184994651
6037540901,12,1696493.15234375,5795.80324290388
6037540800,10,2902090.734375,9724.79705120293
6037540902,10,3670486.80859375,7644.44844855109
6037541605,14,1261769.57421875,5151.34735981437
6037139303,17,608415.7265625,3336.11877376364
6037139301,10,4225998.15234375,9911.15254808637
6037460301,6,7282632.1015625,14701.2887529066
6037460200,6,4711381.77734375,9976.97546721513
6037300800,8,8994951.82421875,17114.4241111028
6037460501,4,11072660.09375,22057.9296684611
6037461100,7,2865063.66015625,7221.96384871988
6037460600,4,6235519.75390625,13698.6131372872
6037137502,10,3060637.453125,7094.24812014926
6037139302,16,491211.49609375,2930.12190415207
6037139200,10,1686210.234375,5169.18106587756
6037139701,5,4974774.09375,12115.3543649023
6037139703,5,6922741.47265625,15137.1809360888
6037131020,12,2124481.62109375,6502.14324186166
6037141400,10,2927126.6171875,7156.99984134126
6037141302,11,1858973.75,6247.43331930519
6037143100,11,2609595.73828125,6910.33180615774
6037462800,15,1649100.39453125,5644.87608890117
6037463101,9,1654260.05859375,6831.26721655268
6037462900,8,3462024.4765625,7858.24329352466
6037462700,13,2458712.32421875,6537.36483505686
6037300400,8,2950876.83203125,8792.7391192266
6037462600,6,1537679.9609375,5866.48197841001
6037463200,9,2375725.8046875,8570.64017680526
6037406101,12,2032493.61328125,6478.91688299622
6037430102,11,1893497.39453125,7821.20610998321
6037404702,15,1685732.1796875,5965.53941702498
6037404701,16,2487794.6640625,6730.31642969711
6037408623,13,1396068.17578125,4813.0558258542
6037403319,8,3275654.59375,7708.80199707293
6037408401,16,1683162.19921875,6264.80810229961
6037460700,5,10912670.4882813,16560.5775903149
6037503702,10,2514141.6640625,7100.83129837883
6037532102,15,1486889.79296875,4991.3138601367
6037503402,9,2328882.41015625,6507.62617144393
6037501600,9,14272517.2617188,17665.8885847709
6037503501,10,2269213.81640625,8187.13871441408
6037503502,7,1818756.8828125,6576.49594956727
6037503601,9,2028101.94140625,6151.90736838784
6037109100,11,3985103.50390625,9726.29604955696
6037553702,13,1246081.98046875,6567.30068877896
6037554101,14,688678.61328125,4632.68421011871
6037553802,18,2587780.390625,8958.96463360153
6037554001,10,1576076.40234375,5919.500624343
6037602200,11,3075696.203125,8699.52399028364
6037603400,12,1651583.16796875,5733.56878112064
6037106510,7,8434334.65625,13705.1546910954
6037603004,16,326957.61328125,3015.91819958671
6037574202,15,1969267.0703125,7334.59189678576
6037574201,13,1877099.71484375,5818.96684805264
6037574601,7,1887459.66015625,7117.31059996455
6037320300,12,2519707.19140625,6758.71589640675
6037291210,17,1807670.44921875,5760.57881356407
6037570203,19,1897299.38671875,5829.18176562937
6037291220,17,1189548.15625,4529.11287195812
6037291300,12,3492725.04296875,11543.3681171218
6037103300,6,9008680.82421875,13743.895940863
6037265700,8,1800622.9296875,5609.90452203481
6037265410,10,827309.37890625,5356.5173409858
6037265301,10,2328629.109375,7518.36209970677
6037183101,8,1417997.67578125,6275.50299532171
6037267100,9,1619758.9765625,5248.42965711156
6037264302,6,2466872.7265625,8137.7515493091
6037267300,15,628154.10546875,3194.88885933602
6037267402,13,625981.09765625,3256.41293792389
6037267501,14,662669.37109375,3339.19744745219
6037267502,12,635396.0078125,3286.96846022722
6037267600,13,1846793.48046875,5593.295118281
6037239202,19,1865392.7109375,5835.40820348335
6037239201,18,660793.93359375,3272.1919706801
6037237402,13,759906.69921875,3543.16903643562
6037237401,11,755679.40625,3518.44984980075
6037237202,16,1611623.078125,5292.79406331839
6037237201,16,661198.63671875,3272.2442138216
6037237101,16,914775.40625,3807.62874289597
6037236204,13,339373.92578125,2459.72398019606
6037236203,15,488455.52734375,3976.97599969693
6037234902,17,653188.0078125,3666.93560878912
6037222001,12,692415.63671875,3369.11753590312
6037221602,20,763024.87109375,4414.12936262999
6037221601,17,540092.26171875,3054.14515804193
6037221402,20,787788.4609375,4725.64158920573
6037430721,10,5963631.2578125,11696.6854724978
6037670406,5,1730636.921875,5351.81620570537
6037670202,5,4324929.01171875,9917.74669888622
6037301601,16,3316913.96484375,9619.4714721799
6037670003,10,2185267.4296875,6789.90755999297
6037670411,4,4196798.9296875,10593.7328236394
6037211120,19,828461.703125,3878.31198659835
6037572600,9,1854475.1328125,5769.02374347153
6037573300,15,1146122.58984375,4865.21994275734
6037575300,20,941126.76171875,3880.4940118556
6037572900,16,1122770.5546875,4378.0135309292
6037573201,14,874692.54296875,3804.10323530818
6037573100,11,1722331.7265625,5496.2211419462
6037572700,11,1552383.9453125,5144.3937128131
6037572800,15,1567798.1796875,6086.63323249433
6037577000,11,2681831.90625,7955.12206062056
6037542200,15,2020687.68359375,6248.07542685779
6037573202,14,942077.984375,3882.44128966605
6037910205,9,43199581.6367188,29804.5324053911
6037910705,9,8462943.96484375,11468.1586519632
6037910206,6,74664967.796875,45823.7703379823
6037920328,6,3536735.87890625,7700.58782391035
6037920330,6,4849317.49609375,8879.16223040169
6037920329,5,3232967.90625,7697.09400518974
6037109601,11,3297949.7265625,7405.22879257332
6037920303,6,75756144.6367188,50429.9844528438
6037920312,7,18787887.21875,21424.9948371927
6037920313,7,4304104.38671875,9250.8686315072
6037920314,4,16733531.6171875,19526.8038753894
6037541603,18,1826371.87890625,7553.95402873206
6037550700,11,3239601.5703125,8112.31255252007
6037551600,0,1332454.94140625,5794.70687114849
6037550400,10,1273017.92578125,5469.51612529245
6037551201,11,1145078.96484375,4742.76243394211
6037551202,10,2044974.79296875,5780.99819980951
6037551700,12,1894537.35546875,5815.78375226538
6037553602,16,881619.18359375,4051.61339557815
6037461200,6,3615324.25,10267.3128269864
6037460502,5,3830025.6015625,11177.5542459904
6037461300,8,2848549.625,10740.9759314433
6037461000,7,2681975.28125,9415.28977018751
6037143200,13,1402401.5859375,5175.64053703847
6037143300,10,2424651.76171875,7320.84613275383
6037143400,10,2572116.2421875,7742.49117137984
6037141700,5,4743542.52734375,11666.1539111307
6037143602,9,1779912.06640625,6142.6913157117
6037240010,15,856618.23828125,4486.55823261868
6037238400,12,1898220.171875,5843.22866551228
6037240020,14,1052065.4140625,4716.08064927431
6037240200,15,1083829.796875,4151.24821305726
6037240300,14,1183683.16796875,4411.63209639161
6037238200,13,1496908.67578125,5106.98865375297
6037240700,13,1737284.58203125,5527.25029576886
6037240600,13,984839.78515625,4155.57256077627
6037463400,12,2827673.25,9427.28700083936
6037463700,9,2536152.43359375,6668.95597965689
6037463800,7,4183123.8984375,10255.9843855141
6037463500,12,2451695.04296875,6485.56814431274
6037463900,10,2776430.85546875,7212.05613025737
6037463300,9,966583.22265625,5169.8172668889
6037406000,9,2786151.21875,9645.88028840013
6037535101,16,1652379.9921875,6053.46175973712
6037532302,17,4807542.921875,11585.6681733446
6037481712,18,1080142.83984375,4655.14071419662
6037123104,11,1141988.4296875,4251.84175016324
6037532304,18,12154053.8242188,18929.1343394848
6037432901,14,1658968.265625,5187.34793767237
6037500100,6,14463030.3164063,18853.7646500078
6037503703,10,3844562.515625,7910.29904822109
6037201700,15,2480427.390625,7811.77692491269
6037536200,16,3215689.06640625,11811.0201824282
6037542000,12,1419685.42578125,5107.25843994205
6037540102,13,1809966.8125,5704.21972285563
6037543603,12,2144922.72265625,6442.24256579283
6037541001,17,3788627.77734375,7908.44347651658
6037600502,14,1091751.87890625,5092.88498537622
6037603500,9,1155735.09375,4805.65838959645
6037199110,13,1319004.03515625,5249.52014182867
6037197700,15,1020509.6484375,5119.46047371402
6037197600,13,572995.40625,3830.99699979404
6037197420,15,905344.37109375,4282.31749616617
6037197500,15,933831.390625,3836.3771804914
6037199000,20,2280363.15234375,7009.6598081429
6037199120,16,1404484.36328125,6062.08108854914
6037199202,13,1398423.12109375,6716.06181751948
6037293201,11,1558657.72265625,5126.98314751998
6037292000,13,5818316.27734375,11752.6654988202
6037293202,13,1531630.43359375,5256.97594295401
6037294120,17,2254210.6328125,6272.49860810913
6037621201,6,2385500.265625,6383.31383160334
6037620301,8,1500465.5703125,5219.69436777974
6037620303,6,1689759.5078125,5861.17864759949
6037620400,7,3750333.5390625,7760.62023711908
6037620901,4,1267518.9765625,4738.4201008485
6037620800,6,3612470.375,7753.65491412013
6037267700,15,1187607.375,4485.38888511632
6037267800,11,1684971.765625,5473.36049256413
6037269100,10,1221866.73046875,4576.25945449319
6037700700,7,5162797.87109375,11808.1966928589
6037226002,17,3743677.578125,7877.82902304503
6037226001,19,1518223.32421875,7005.09250235832
6037222002,14,957307.6015625,3991.87003389665
6037980014,0,10827176.921875,24970.1647240903
6037980013,0,7724369.80078125,12607.9159230107
6037980010,15,5604341.4375,13435.961727536
6037651101,8,8098315.25390625,13800.2301469291
6037203600,20,809764.77734375,3931.78739643154
6037670100,8,2102940.33984375,9122.42962603872
6037670407,5,1820571.94921875,6375.49785954584
6037599100,0,482099740.710938,190108.209263443
6037670201,4,7079167.109375,17379.6688233624
6037601402,14,1434676.046875,4878.79443091026
6037901205,10,73118237.7109375,35262.1879471986
6037574000,7,2639486.46484375,7024.42818077915
6037910807,4,8119140.359375,14177.5274852309
6037920023,8,1973968.98046875,7676.180533862
6037920200,0,16743029.3007813,24283.3681076396
6037920104,6,233700139.453125,85097.3627239167
6037920016,4,3182092.13671875,8201.69807688466
6037920028,4,3975173.0703125,11624.706766149
6037910805,7,162389347.496094,73108.7790813224
6037920038,9,1449692.02734375,7282.28283182247
6037920035,5,3638224.0078125,7474.78841917046
6037920334,6,4122167.80078125,8252.31247983928
6037920042,7,5546954.01953125,14571.674503548
6037910809,4,17837171.1445313,23081.0811616559
6037920018,6,1418263.625,4850.93925275519
6037910301,10,5835745.6328125,10270.3007032227
6037106020,6,2969615.21484375,8568.53490210136
6037920034,5,13282196.3984375,16578.7860636606
6037910808,4,15886433.7148438,22940.628118585
6037310400,11,2055673.703125,7482.9198754292
6037550000,15,1146860.32421875,5359.15727118986
6037550100,11,2393309.6875,6804.90978529885
6037551000,12,3581665.7578125,7802.34830838244
6037552200,17,2467924.125,8195.44584445488
6037552100,15,2127295.12890625,6424.48948609647
6037551900,13,2286123.2890625,6387.11624050997
6037553902,13,1539381.765625,5412.92051844189
6037403500,10,7148757.8046875,13838.259799172
6037461400,10,1487547.91015625,5849.39321849569
6037920017,4,3060829.80859375,7577.35631967083
6037310900,9,3174568.94921875,7902.64051851411
6037311200,8,1454620.96875,5159.3465092979
6037311500,9,2192869.34375,5923.58892827393
6037311400,8,1373442.7109375,5606.72017929569
6037800325,5,3380652.421875,9251.65717790088
6037238000,12,2425674.79296875,7777.8729370071
6037240500,16,1186130.7578125,4512.97884353996
6037240900,14,1559186.3125,5238.39882043273
6037240800,13,931547.71484375,4971.39904387083
6037125600,9,1495757.13671875,5456.84816170332
6037262200,8,12523301.890625,19192.8553768866
6037242100,17,398487.4375,3850.77478287762
6037241110,13,708751.53515625,3877.72666153997
6037241300,15,761272.2578125,3658.98729228301
6037241120,16,962927.62890625,4270.84894541004
6037241400,16,830257.30078125,4044.93797301255
6037242000,15,939550.08203125,3873.02067896469
6037464000,10,4599365.63671875,9729.31148176943
6037464100,8,9180933.0390625,17089.4648124928
6037191710,18,1035585.109375,4865.2412900494
6037191203,17,299558.390625,2206.29785350783
6037930200,6,448819655.683594,168641.921974266
6037910202,9,30102625.125,24671.2802053673
6037481711,18,653114.74609375,3287.10042248513
6037480600,14,3437403.9296875,10536.7404302629
6037480302,11,1538971.265625,5478.65420524969
6037504001,10,2015245.45703125,6655.56403604213
6037532200,18,4095679.87109375,9995.94645413288
6037503701,12,1679851.1484375,5728.00675893786
6037500900,15,2077350.9140625,5879.97262780586
6037432202,14,2020724.28515625,7413.45076489069
6037500800,14,2798889.8046875,6813.26201645961
6037500700,12,4741578.83984375,9500.52718185929
6037543322,8,2857854.19921875,6725.7514916808
6037543602,13,2348447.39453125,6322.88899016545
6037106642,8,2316034.42578125,7502.79003182485
6037543801,14,3194229.1953125,8248.04989432011
6037543802,11,1972396.95703125,6000.16513168692
6037541300,11,1968605.44921875,5980.18294835727
6037541200,10,3117680.203125,8450.79859728336
6037541604,16,1213332.94140625,4479.19902580916
